本週，你很可能會受到宇宙的啟發，更好地完成創意項目。因此，如果你是作家或者藝術家，就花點時間喚起靈感吧。水星和金星會帶給你很多快樂，所以如果你有孩子，本週你可以安排出更多的時間和孩子相處。如果你想獲得外部的融資或資金流入，在本週，相關的事項可能會遇到困難。但你遇到的障礙都會幫助你完善構想，最終讓整個項目變得更好。,巨蟹,http://www.go4134.com/26143242312133823458/1015-10215095845,10/14/2018,【蘇珊米勒】每周星座運勢10.15-10.21,蘇珊米勒,4
雖然依然在逆行中的金星在本周可能在職場中攪起些緊張事態，但她將得到水星的援助。這兩顆漂亮的小傢伙將攜手幫助你用非凡的領導力來清晰地表達出自己的想法。若你被要求在某個董事會議中發言，或向同事、投資者說明某個想法，那麼你的言辭將不費吹灰之力地迸發出火花，尤其在本周初期。之後將目光投向周五，你被要求說的話可能和你自己真實的興趣之間有些矛盾。若有什麼事令你苦惱，那也許這個線索表明你之前一直工作得很辛苦，需要在即將到來的周末放鬆一下。,水瓶,http://www.go4134.com/26143242312133823458/1015-10215095845,10/14/2018,【蘇珊米勒】每周星座運勢10.15-10.21,蘇珊米勒,4
水星會與金星在你家宅宮內牽手，散播暖意。當金星在此地逆行，她將與你關係宮內的火星構成棘手的角度。你可能會與現任或過去的伴侶關係緊張，但也會得到海王星憐憫之力的幫助。記住，金星逆行對所有人都有影響，你也許需要對某些人敬而遠之。,獅子,http://www.go4134.com/26143242312133823458/1015-10215095845,10/14/2018,【蘇珊米勒】每周星座運勢10.15-10.21,蘇珊米勒,4
當火星行經你的財帛宮，你也許又開始有股強烈的慾望去梳理下你的財務狀況，或尋找新的致富機會。利用這個星象去與自己的心靈談話，因為你會驚喜地發現自己的判斷是多麼流暢，尤其在本周初。隨著周末逐漸臨近，你的個人目標及與朋友之間的互動之間也許會發生些摩擦。然而在海王星的影響下，激起你的同理心，使你能撫平任何漣漪。,摩羯,http://www.go4134.com/26143242312133823458/1015-10215095845,10/14/2018,【蘇珊米勒】每周星座運勢10.15-10.21,蘇珊米勒,4
水金協力，雙魚座思維異常敏捷。這股效力將延續一周，並在水星與雙魚座守護星海王成相時達到頂點（海王近些年一直行運於雙魚座）。週五雙魚座的溝通本領十分出眾，但你卻有點想要獨自一人。為自己留點空間和時間沒什麼問題，因為世界並不會因此離你遠去，當你準備好與他人分享自己的想法，眾人已經翹首以待了。,雙魚,http://www.go4134.com/26143242312133823458/1015-10215095845,10/14/2018,【蘇珊米勒】每周星座運勢10.15-10.21,蘇珊米勒,3
鑑於愛神金星與行運於天蠍座的水星成吉相，天蠍座馬上就要有展示能言善辯本事的機會了。水星亦會大力支持海王星，這顆行星已經在代表天蠍座創意自我表達和子女的位置逡巡多年了。若你在寫書或者運作藝術項目，本週必定靈感大發。火星在天蠍座的家庭宮橫衝直撞，甚至可能會製造些摩擦。本週你可以盡可以你喜歡的方式闡述自己的想法。,天蠍,http://www.go4134.com/26143242312133823458/1015-10215095845,10/14/2018,【蘇珊米勒】每周星座運勢10.15-10.21,蘇珊米勒,4
本週，如果你正在和投資者或貸款機構商談，雙方都會獲得好處，這是因為水星和金星現在都來到了你星盤中代表資金安排的領域。周初是討論財務問題的最佳時間，因為如果我們前瞻週五，你會發現守護星火星會與水星惡言相向。請注意正確理解協議條款的內容，要確保條款符合你的最大利益。白羊們，你們是十二星座中出了名的膽大，但很快你就會發現，是時候三思而後行了。,白羊,http://www.go4134.com/26143242312133823458/1015-10215095845,10/14/2018,【蘇珊米勒】每周星座運勢10.15-10.21,蘇珊米勒,4
你寫作和表達自己思緒的能力，本周可能會為你帶來財務機會。也許你能出售自己的故事或文章，或者你的演說吸引到有影響力的人物的注意力，並完全贏得了合同。雖說逆行的金星位於你的金錢宮，可能會製造延遲或者混亂，但本周行星們會站在你這邊。不管會出現什麼樣的小波折，你的智慧和言辭都能撫平。,天秤,http://www.go4134.com/26143242312133823458/1015-10215095845,10/14/2018,【蘇珊米勒】每周星座運勢10.15-10.21,蘇珊米勒,3
水星和金星會在本週點亮你的親密關係宮，因此本週你可能會送出或收到傳遞愛意的訊息。雖然金星逆行可能意味著感情中的混亂時刻，但你也會在這段時間享受輕鬆時刻。海王星——這顆夢和靈感的行星會從你的社交宮向水星散發光芒，讓未曾說出口的浪漫話語變得更為深邃。花點時間和愛人在一起吧，如果你是單身，就下載約會軟件或者和朋友一起出去認識新朋友吧。,金牛,http://www.go4134.com/26143242312133823458/1015-10215095845,10/14/2018,【蘇珊米勒】每周星座運勢10.15-10.21,蘇珊米勒,5
本週，家是你的庇護所，這對滿世界浪的射手座來說可不常見。但是當代表交流和愛的星星一起來到了你獨處和精神世界的宮位，你很想尋求安靜的隱退。除此之外，海王星會從你的家庭生活宮里為這個角度獻上祝福之吻，鼓勵你去把家裡弄得溫暖而舒適。你的生活空間會因一束花而熠熠生輝，又或你可能會進行芬芳療愈實驗和冥想。,射手,http://www.go4134.com/26143242312133823458/1015-10215095845,10/14/2018,【蘇珊米勒】每周星座運勢10.15-10.21,蘇珊米勒,2
水金吉相，身體健康狀態有大幅提升。也許會趁著中午做個瑜伽或者嘗試單位附近新款天然有機餐館。但是金星期，與沒和外觀任何相關的重大決議最好推遲點再做，不過她與水星所成的相位，確實令溝通順暢，甚至激情碰撞。你可能發現每個人都想听取你的意見，而你會選擇最合適的詞句。,雙子,http://www.go4134.com/26143242312133823458/1015-10215095845,10/14/2018,【蘇珊米勒】每周星座運勢10.15-10.21,蘇珊米勒,1
2011年開始，海王星就一直在你的親密關係宮中游弋。現在，海王星將和位於天蠍座的水星一起，共同為你注入一劑永葆青春的不老藥。最重要的是，因為金星在逆行，所以水星將會和金星貼面而舞。金星逆行可能會給我們的戀愛埋下隱患，但如果你和他人一起順勢而為，在11月金星恢復順行的時候，你的感情生活就會有實質性的結果。於此同時，海王星會和代表溝通的水星產生接觸，這個星象會磨煉你的自我表達能力，幫助你站在大趨勢中的領先位置。,處女,http://www.go4134.com/26143242312133823458/1015-10215095845,10/14/2018,【蘇珊米勒】每周星座運勢10.15-10.21,蘇珊米勒,4
這週的滿月照亮你星盤掌管友情和集體的十一宮，你帶著友善的魅力。雖然巨蟹座在自己的地盤感覺最輕鬆，但這週外界有很多東西等著你。這週還有太陽與金星相合，激發你的創造力，你可以和朋友們一起參觀畫展、看電影、看戲，留下充實又帶來啟迪的感受。巨蟹座最懂得怎樣滋養身邊的人們，這周也要多用些時間和那些可以滋養你的人們在一起。,巨蟹,http://www.go4134.com/26143242312133823458/1022-10285750934,10/21/2018,（週運）蘇珊米勒每周星座運程10.22-28（完）,蘇珊米勒,5
金牛們，週三的滿月全都關於你，月初，你的想法在逐步成型，現在你可以開始品嚐勞動果實了。天王星是一顆撼動萬物的行星，自從5月到現在，它一直都在金牛座，所以對你來說，這是一個多事之秋。本週，進入天蠍座的太陽會把光芒投向對宮的天王星，這會讓天王星產生的變化和轉折變得更加積極。本週，穩定的土星會幫助你的守護星金星，你會感覺到更加腳踏實地。,金牛,http://www.go4134.com/26143242312133823458/1022-10285750934,10/21/2018,（週運）蘇珊米勒每周星座運程10.22-28（完）,蘇珊米勒,1
鑑於太陽在雙子座日常工作宮合相金星，你的關注點全都在日常職責和事務上。金星逆行期快過去一半了，這可能讓老習慣或傷感再度浮上心頭。落入私密宮的滿月想讓你逃離這種舊習或者糟糕的情緒、土金成和諧相位，也會提供必要的支援，就像恰好補缺救急的保姆或者仗義相幫的同事。,雙子,http://www.go4134.com/26143242312133823458/1022-10285750934,10/21/2018,（週運）蘇珊米勒每周星座運程10.22-28（完）,蘇珊米勒,2
由於在你事業宮內逆行的金星干擾了水瓶座內象徵行動的火星，本週你在職場中可能遭遇成長的煩惱。你也許會因為所有人都無法跟上你的節奏而倍感受挫，而這也因火星的出現而進一步增壓。逆行會帶來暫停和延遲，所以利用這個階段去關注內在。由於滿月點亮了你的家宅宮，這正是將時間用在家庭上或單純在加看看書、欣賞你喜歡的系列網劇的理想時機。,水瓶,http://www.go4134.com/26143242312133823458/1022-10285750934,10/21/2018,（週運）蘇珊米勒每周星座運程10.22-28（完）,蘇珊米勒,4
週三的滿月對雙魚座十分友善，幫你理清思路，以及找到最適合自己的表達方式。你可能打算開始新課程或者計劃一次遠行，這主要是因為日金合相於代表教育與長途旅行的宮位。儘管金星尚處於逆行階段，可能令計劃延遲或者讓你臨時改變想法，但她逆行在與雙魚座相處和諧的星座。副作用不是特別明顯。好好利用金逆想想自己珍視什麼，在今年最後幾個月裡想吸引些什麼。,雙魚,http://www.go4134.com/26143242312133823458/1022-10285750934,10/21/2018,（週運）蘇珊米勒每周星座運程10.22-28（完）,蘇珊米勒,4
你可能發現自己這週在查看日曆，想知道是不是要放假了。滿月在你的工作宮裡閃耀，你可能發現自己一邊一個任務接一個任務的忙碌著，一邊渴望有時間可以出去玩兒。週五逆行的金星和太陽聯手，讓某個瑜伽靜修看起來更加吸引人了。如果你還沒法離開，這個週末花一個小時給自己充電吧。在家裡做些運動，或者泡一個香氛燭光浴。,射手,http://www.go4134.com/26143242312133823458/1022-10285750934,10/21/2018,（週運）蘇珊米勒每周星座運程10.22-28（完）,蘇珊米勒,2
由於週三的滿月開啟了你的事業宮，工作的機會將開花結果。在過去兩周里你所從事的人物將開始收益——精確來說，首先是來自監管人員的認可，或管理新的項目。與此同時，由於金星在你家宅宮內逆行，你的注意力也會轉向家宅。在事業和家庭之間維持平衡將是眼下會持續面臨的困境，但你有手段有力量去處理好這兩頭,獅子,http://www.go4134.com/26143242312133823458/1022-10285750934,10/21/2018,（週運）蘇珊米勒每周星座運程10.22-28（完）,蘇珊米勒,4
終於到了屬於你的季節！鑑於金星在天蠍座逆行，而滿月落入代表愛、人際關係的對宮。你可能會在健身房偶遇前度，或者在看對方INS賬號照片時發現人家有了新歡。好好利用此次滿月清掉過去，為新人騰出地方來。有伴的，可以計劃來個浪漫週末約會，滿月會令你魅力無邊哦。,天蠍,http://www.go4134.com/26143242312133823458/1022-10285750934,10/21/2018,（週運）蘇珊米勒每周星座運程10.22-28（完）,蘇珊米勒,5
本周可以去參加繪畫或製陶班，因為金牛座的滿月會強化你對創意的渴望。若你已經在金星藝術方敏的聯繫，那就給自己留點創作的時間。由於金星在你群體宮內逆行，可能某段友誼讓你感到疲憊。本周也許某位朋友對你要求多多，或是你答應了太多的社交邀約。重新啟動下你內在的靈感，看看你自己一個人能創造出什麼樣的魔法吧。,摩羯,http://www.go4134.com/26143242312133823458/1022-10285750934,10/21/2018,（週運）蘇珊米勒每周星座運程10.22-28（完）,蘇珊米勒,4
這週你渴望繼續發展擴張，迎接新領域、新理念、新思維。北京時間週四的滿月照亮你星盤掌管旅行和高等教育的第九宮，也許你開始學習新東西的新學期，也許你會去遠方旅行。如果這週你沒有計劃旅行，通過參觀本地的獨立書店也可以滿足你的旅行癖，選擇一本之前從未聽說過的書籍，可以選擇感興趣的新主題書籍或海外作家的作品。,處女,http://www.go4134.com/26143242312133823458/1022-10285750934,10/21/2018,（週運）蘇珊米勒每周星座運程10.22-28（完）,蘇珊米勒,3
本周也許你會最終結束抵押貸款協議，或者受到銀行打款來發起新項目。由於金星在你的財帛宮逆行，本月你可能有種被壓制收縮的感覺，但在努力從外部資源獲取資金方面，週三的滿月可能會為你增加更多的動力。如果你在考慮簽署重大協議，那就在接下來的兩週之內搞定，因為再往後水星就進入逆行狀態了，這可能會給良好的協議帶來混淆或者麻煩。,天秤,http://www.go4134.com/26143242312133823458/1022-10285750934,10/21/2018,（週運）蘇珊米勒每周星座運程10.22-28（完）,蘇珊米勒,3
本週，一輪滿月將照亮你的他人錢財宮位，因此和融資或者銀行貸款有關的事項將會迎來頂峰。金星從月初就開始逆行，所以，不可能所有事都能按計劃進行。太陽進入天蠍座的時候，它會和你財務宮的天王星形成對沖，這個相位可以給你打開更多的驚喜之門。你要記住，好消息也是以這種方式來到你身邊的，你是白羊座，以思維敏捷著稱，沒有你搞不定的事。,白羊,http://www.go4134.com/26143242312133823458/1022-10285750934,10/21/2018,（週運）蘇珊米勒每周星座運程10.22-28（完）,蘇珊米勒,5
這週的好運氣將通過寫作、教學、發言等事務出現，10月29日幸運的木星與你的主星水星相合在你星盤第三宮，意味著你可能外出旅行或參加新課程的學習。如果你打算過萬聖節，可能受邀參加外地舉辦的派對，這個活動非常棒，你並不介意為它長途出行。在那裡你會遇見迷人的人們，參與刺激頭腦的對話。如果你自主經營，記得多帶些名片過去。如果這個派對上還有占星師，一定要去做個星盤解讀，你可能得到重要信息。,處女,http://www.go4134.com/26143242312133823458/1029-1144000802,10/28/2018,（週運）蘇珊米勒每周星座運程10.29-11.4（完）,蘇珊米勒,4
你會迎來有趣和高效的一周。10月29日水星與木星匯合，這一天會是支付賬單、清整文書工作或洽談商業合作的絕佳時間。月亮在代表玩樂的獅子座，如果你打算參加10月31日的萬聖節派對，你會玩得很開心。這個相位會讓你想到一群有趣的角色和極富想像力的服裝。10月31日金星會對沖天王星，如果你是單身，這個星象可能會催生一個讓人激動的浪漫事件，但它的持續時間很短暫。如果你的孩子要出去玩“不給糖就搗蛋”的遊戲，要小心看護好，防止出現意外狀況。,白羊,http://www.go4134.com/26143242312133823458/1029-1144000802,10/28/2018,（週運）蘇珊米勒每周星座運程10.29-11.4（完）,蘇珊米勒,1
本週你會打算關注下你的長遠目標。10月31日水星同木星會和將有助於你看到更宏偉的藍圖。如果你對自己的工作不滿已經頗有段時間了，那從10月31日開始當金星還在你的成就和榮耀宮內逆行的時候，直到11月16日金星恢復順行期間，你也許會意識到你需要改變。利用這段時間去調查研究下新的職業前景，為你在新一年裡的動向做好準備。要是你一直在考慮開始某個業務，那在這段時期去製定策略並收集下有關獲得貸款的信息。如果你自僱經營，那這段時間能幫助你確認哪些對你已不在有用，這樣你便能進行精簡併重新調整你的經營模式。,摩羯,http://www.go4134.com/26143242312133823458/1029-1144000802,10/28/2018,（週運）蘇珊米勒每周星座運程10.29-11.4（完）,蘇珊米勒,3
本週你有點石成金的能力，因為在你星盤掌管收入的宮位會有大量的行星活動。10月29日木星會與水星合相，這能為你帶來絕佳的賺錢點子。買、賣對你而言都是有利可圖的，你能談下一筆非常成功的交易。也許你在為萬聖節做準備，如果你的工作屬於能賺小費、獎金或者版稅的，那你可能會得到一筆意外之財。說到感情方面，金星繼續逆行，舊的愛情火花突然重返，期望重燃浪漫。位於你真愛宮的火星，可能會點燃你的魅力，讓你變得令人難以抗拒。,天秤,http://www.go4134.com/26143242312133823458/1029-1144000802,10/28/2018,（週運）蘇珊米勒每周星座運程10.29-11.4（完）,蘇珊米勒,5
本週天蠍能夠開闢新徑。10月29日，水木協力，讓這一天非常適宜社交、談生意或製定旅行計劃，任何你想到的事情都有很大成功的概率。10月31日金星逆回代表天蠍座隱私的宮位，並在11月16日恢復順行，你需要更多的獨處時間。你可能發現獨自一人時，集中精神和做決定都變得簡單起來。若你跟愛人、家庭成員或朋友有爭執或分歧，這段時期可幫你修復問題，重修舊好。若某段感情、關係已經到了盡頭，這段逆行期會幫你與之做個了斷。,天蠍,http://www.go4134.com/26143242312133823458/1029-1144000802,10/28/2018,（週運）蘇珊米勒每周星座運程10.29-11.4（完）,蘇珊米勒,2
四顆快樂的星星都在你的隱秘宮內，本週它們會引領你去做那些滋養你精神世界的事情。10月29日當太陽加入水星，你充滿好奇的腦袋裡全是積極主動的想法，你會想要做些創意項目。你也會被吸引去做旅行計劃或購買書籍雜誌。當金星逆行回到你的社交宮，你有好多要說，所以你會花時間和朋友聊天，在10月31日參加聚會慶祝萬聖節。當10月31日水星進入射手座，到它11月17日逆行前，都會給你的演講天賦帶來加持。如果你在此期間應下了過多的事情，你可能最後什麼也完不成。,射手,http://www.go4134.com/26143242312133823458/1029-1144000802,10/28/2018,（週運）蘇珊米勒每周星座運程10.29-11.4（完）,蘇珊米勒,4
本週在你事業宮內的四顆閃耀星體將促使你去在這個世上揚名立萬。10月29日，木星將與水星同步，這能帶給你提升名望與地位的極好機會。喜訊即將到來。你可能相當活躍於前台，因此得確保你的日程安排留出了足夠的時間給你的個人需求，例如吃一頓營養均衡的餐點或重組的睡眠。在水瓶座內的火星將給與你無窮的力量，因此你可能會保持接地氣和最佳的狀態。10月31日至11月17日水星開始逆行這段時間中，你會花更多時間在寫作、寫博客或在線研討會上。,水瓶,http://www.go4134.com/26143242312133823458/1029-1144000802,10/28/2018,（週運）蘇珊米勒每周星座運程10.29-11.4（完）,蘇珊米勒,1
本週你的伙伴關係宮相當活躍，因此你會把重點放在人際關係上。工作領域可能需要一對一的交流——例如教練、治療師或顧問，因為水星會和木星相合，所以你可能會對著你的客戶滔滔不絕。月亮在獅子座，也就是在你的家庭宮，這意味著你可能會自己辦萬聖節派對。天王星在金牛座，與金星形成對沖，它們會見證你穿上一件怪異又新奇的派對戲服。如果你正在戀愛，就穿一套情侶裝吧，如果伴侶參與進來，你會成為大家談論的話題。,金牛,http://www.go4134.com/26143242312133823458/1029-1144000802,10/28/2018,（週運）蘇珊米勒每周星座運程10.29-11.4（完）,蘇珊米勒,1
這週你有很多機會表現創造力、開心玩樂、展示自己。10月29日水星與木星相合，帶來很多出色的靈感，你需要將它們記下來，你可能要外出過萬聖節，裝飾傢庭並設計自己的節日裝扮。10月31日天王星在你星盤十一宮對沖你真愛宮的金星，意味著你可能參加一個華麗麗的朋友聚會。火星繼續鎖定你星盤第八宮，為你增強魅力，如果你還單身，可能突然與一個人來電，帶來旋風般的戀情。,巨蟹,http://www.go4134.com/26143242312133823458/1029-1144000802,10/28/2018,（週運）蘇珊米勒每周星座運程10.29-11.4（完）,蘇珊米勒,4
作為頭獅子，眾所周知你擁有良好的品味和風度，而本週的行星陣容將給你帶來表現的機會。你的家宅宮會迎來四顆閃爍的行星，這意味這個萬聖夜你可能會在家中款待賓客並展示下你的住所。天王星將誘惑你去選擇特殊的高科技裝飾佈置，你的派對將非常特別。你的服飾裝束會是個超凡脫俗的主題。10月31日月亮在獅子座，令所有人的目光都集中在你身上。出現在你家宅宮內的木星將帶來歡樂、樂觀與歡聲笑語。,獅子,http://www.go4134.com/26143242312133823458/1029-1144000802,10/28/2018,（週運）蘇珊米勒每周星座運程10.29-11.4（完）,蘇珊米勒,1
本週工作異常繁忙，因為群星齊聚雙子座日常工作宮。10月29日，水木吉相能為任何生意關係、演示或生意會面增資添彩。火星讓雙子座的溝通宮能量充盈，可能會出行，10月31日更有可能會和同事們一起慶祝萬聖節。逆行的金星對沖天王星可能會意外把老客戶帶到你的同事派對上，有可能因此帶來新商機。木星行運天蠍座，讓你很想大力寵愛自己，天王星則會給生活增添很多驚喜和樂趣。,雙子,http://www.go4134.com/26143242312133823458/1029-1144000802,10/28/2018,（週運）蘇珊米勒每周星座運程10.29-11.4（完）,蘇珊米勒,4
本週很有冒險精神。10月29日木水合力，讓你很想制定旅行計劃或申請研討班，以及任何能夠拓展視野的活動。10月31日，金星將逆回雙魚座8宮，並且要等到11月16日才能恢復順行。雙魚座都是小天使，有時甚至有過度犧牲、太為別人著想的傾向。若你在他人身上花了太多的時間和精力，你可能需要後退一步，多為自己考慮考慮，讓彼此關係更加平衡一些。因為8宮也代表信用卡，在這段期間做大宗購買是不明智的。買東西之前先搞清楚退換準則，保存好收據。,雙魚,http://www.go4134.com/26143242312133823458/1029-1144000802,10/28/2018,（週運）蘇珊米勒每周星座運程10.29-11.4（完）,蘇珊米勒,4
金星在雙魚座高等教育和旅行宮發光發熱，無疑能拓展你的關係網，甚至招來一位來自海外的戀人。新月落入資源共享宮，你可能想把自有財富跟生意夥伴或者愛人的集合一處使用。涉及到類似的溝通、談判現在或許會停滯，因為金星正處於逆行階段，但下個月你會有別的機會繼續推進此事。,雙魚,http://www.go4134.com/26143242312133823458/108-10144315705,10/7/2018,【蘇珊米勒】每周星座運勢10.8-10.14,蘇珊米勒,3
本週你的關注焦點在寫作、講話、學習、及短途旅行上，尤其是與伴侶或朋友們一起。你也許相同你接觸到的每個人交談，並邀請他們來你家中。象徵愛與美的金星于10.5-11.16在你的家宅宮內逆行，所以你可能會重新裝修，或與家人共度靜謐時光。火星也正在你的關係宮內行進，你可能想迴避爭論，因為很可能觸發出乎意料的回應。,獅子,http://www.go4134.com/26143242312133823458/108-10144315705,10/7/2018,【蘇珊米勒】每周星座運勢10.8-10.14,蘇珊米勒,1
由於正在你事業宮內的太陽會使你散發自信與樂觀，因此本週你會給大人物們留下印象。你也可能會與高層產生更多互動，並收穫好評。這種太陽光芒籠罩事業宮的情況每年僅發生一次，且會持續幾週，因此你務必要充分利用它。另外從10月5日至11月6日金星在你的社交互動宮內逆行，因此你可能會同失聯的朋友聯繫上，或通過朋友介紹的感情會再度浮現。火星也在你的收入宮內，因此你也許會急著想辦法提高你的收入。,摩羯,http://www.go4134.com/26143242312133823458/108-10144315705,10/7/2018,【蘇珊米勒】每周星座運勢10.8-10.14,蘇珊米勒,3
本週你可能會結交新朋友，新月在天秤座點亮了你的友誼和團體宮。要小心不要過度擴展，因為金星在私密時間的宮位裡逆行，可能需要你花時間退後，給自己留出時間。下個月有很多時間社交，金星會轉為順行，幸運之星木星也會進入射手座。作為射手座，你天生就很愛社交，但我們都需要時間恢復能量。,射手,http://www.go4134.com/26143242312133823458/108-10144315705,10/7/2018,【蘇珊米勒】每周星座運勢10.8-10.14,蘇珊米勒,1
這將是社交繁忙，且充滿歡樂的一周，不管是職業方面還是感情生活。可能收到同事邀約下班後一同小酌，甚至會發生辦公室戀情。創造力爆棚，特別是雙子擅長的，比如溝通。若你在籌劃一場旅行，可能會有意料之外的事情發生。火星與行運於雙子座出行宮的天王星交惡，所以務必確認行程再三，以備發生取消、拖延、變更之類的。金星將從10月5日至11月16日在日常生產宮逆行，你可能會審視目前的收入現狀燈。一直到週五，你都十分積極樂觀。,雙子,http://www.go4134.com/26143242312133823458/108-10144315705,10/7/2018,【蘇珊米勒】每周星座運勢10.8-10.14,蘇珊米勒,4
本週的關注重點都在資金方面，特別伴侶/生意夥伴操盤的投資或者贈與的遺產之類的。金星，代表愛與美麗，將從10月5日開始逆行直至11月16日，主要受影響的是雙魚座的長途旅行宮，你可能會考慮啟用備用方案。另一方面，在涉及到日常安排時，你可能突然想要更多的獨處和自由安排的時間。,雙魚,http://www.go4134.com/26143242312133823458/108-10144315705,10/7/2018,【蘇珊米勒】每周星座運勢10.8-10.14,蘇珊米勒,4
本週你的事業將改頭換面。你可能為某個方向性的改變而激動，或僅僅是收到一個能讓局面煥然一新的新任命。週一的新月鼓舞你去想像下自己想在工作中看到什麼樣的變化，而你的守護星土星將通過與交流之星水星之間的協作來幫助你證明這個方法。在你交流宮內逆行的金星也許會帶來朋友之間的摩擦，但她與你摩羯座構成了和諧的角度，因此任何分歧都只是小事一樁。,摩羯,http://www.go4134.com/26143242312133823458/108-10144315705,10/7/2018,【蘇珊米勒】每周星座運勢10.8-10.14,蘇珊米勒,1
這週的天秤座新月要求你做出讓步，這時的緊張狀況可能涉及伴侶或前任，因為金星逆行並與火星相刑，火星位於你的共享資源宮，如果你在談判協議，利用好這個新月的交際能量，達成滿足各方需求的約定。人們都知道巨蟹座特別懂得感情，不管發生什麼，這個新月都會幫你分辨出需要扔掉的和繼續保持的感情。,巨蟹,http://www.go4134.com/26143242312133823458/108-10144315705,10/7/2018,【蘇珊米勒】每周星座運勢10.8-10.14,蘇珊米勒,3
本週還挺掙扎的，在社交娛樂和攢錢改善家居之間分裂。如果決定出去浪，可能遇到帶著些刺激的艷遇。財務方面，可能會有意外的消息，涉及遺產、投資或其他金錢事宜。愛神金星10月5日到11月16之間逆行於掌管創意和愛情的宮位，因此舊愛可能現身。你可能想也可能不想重拾舊愛，但一起出去吃個午餐，看看兩人感覺是否還在倒也不錯。或者，來自之前某個創意性項目的客戶可能想重新僱用你。,巨蟹,http://www.go4134.com/26143242312133823458/108-10144315705,10/7/2018,【蘇珊米勒】每周星座運勢10.8-10.14,蘇珊米勒,4
太陽在天秤座，所以你整月都肯定會享受被聚焦的感覺。你可能會覺得精力充沛，而且會更加積極地表達、寫作、閱讀。另外，火星會位於你關乎玩樂和創意的宮位，激勵你承擔起全新的原創項目。你肯定願意接納每一個宴會和活動的邀請。另外，關乎愛與美的金星會從本週開始在你的財帛宮逆行，從10月5日到11月16日。不過，你會發現自己無需緊張，因為幸運木星會跟隨在金星之後，為你帶來絕佳的財務機會。,天秤,http://www.go4134.com/26143242312133823458/108-10144315705,10/7/2018,【蘇珊米勒】每周星座運勢10.8-10.14,蘇珊米勒,5
本週你肯定特別受歡迎，所以會收到很多邀請，電話和郵件，因為太陽正在你的友誼和聯繫人宮位閃耀。這股能量讓大家都注意到了你。愛與美的金星會從10月5日到11月16日逆行在你的過去和秘密宮位。你可能會收到舊愛的消息或者發現了戀人一些你之前不知道的事。另一方面，火星在你的日常活動宮，所以你很可能感覺完成每日任務時能量滿滿，而且出門都蹦蹦跳跳的開心很得。,射手,http://www.go4134.com/26143242312133823458/108-10144315705,10/7/2018,【蘇珊米勒】每周星座運勢10.8-10.14,蘇珊米勒,5
今年夏天有六顆行星逆行，現在它們都恢復了順行，你也會感受自己現在的效率極高。然而，愛美的進行會在10月5日至11月16日逆行，因此對你來說，現在不是徹底改變外表的理想時機。金星也掌管著你的錢財宮，因此如果你在此期間申請貸款，可能需要提供額外的證明和文書。如果有人欠你錢，你會委婉地提醒。此外，位於水瓶座的火星會邁著矯健的步伐移入你的友誼宮，因此你會有更多的社交活動，或者你會在最喜歡的團體中擔任領袖。在周末，你對人際關係的直覺判斷準確無誤。,白羊,http://www.go4134.com/26143242312133823458/108-10144315705,10/7/2018,【蘇珊米勒】每周星座運勢10.8-10.14,蘇珊米勒,1
本週你的注意力可能轉向金錢方面，把賺工資或其他賺錢方式提到首要位置。可能發現社交或人際聯絡可以創造潛在的生財之道。金星目前位於掌管溝通交流的宮位，你在任何場合一定會言辭得體。火星依然在工作宮，你可能非常忙，因此如果有休假計劃的話，可能要推遲。你意識到這個時間正合適準備一個可以為自己賺到加薪的案子，而10月8日的新月會增加成功的機會。,處女,http://www.go4134.com/26143242312133823458/108-10144315705,10/7/2018,【蘇珊米勒】每周星座運勢10.8-10.14,蘇珊米勒,4
由於新月影響了你的高等教育和旅行宮，你可能會幻想自己不工作的時光該如何打發。也許你可以通過遠程工作或通過旅行出差來進行海外合作來獲取利益非方式，來將你的工作目標和想拓展眼界的渴望結合到一起。如果你眼下不可能出行，那麼去見新朋友也許能滿足你的求而不得的焦躁。加入某個網絡志同道合的組織，或單純是去城內新區某個咖啡館泡泡。,水瓶,http://www.go4134.com/26143242312133823458/108-10144315705,10/7/2018,【蘇珊米勒】每周星座運勢10.8-10.14,蘇珊米勒,4
本周可以過得從容些，而且距離天蠍座的生日月還有三週時間了，屆時你將成為關注的重心。而且你發現現在是規劃下個日返年的絕佳時期。金星將從10月5日至11月6日在天蠍座的自我形象宮逆行，鼓勵你構築自信、自尊，並給自己一些愛。火星將要穿行家庭、家宅宮，所以在家庭方面盡量避免爭吵。對那些親自動手，扮靚居所的事情也很感興趣。,天蠍,http://www.go4134.com/26143242312133823458/108-10144315705,10/7/2018,【蘇珊米勒】每周星座運勢10.8-10.14,蘇珊米勒,1
5月以來，天王星一直在金牛座——也就是你的第一宮中運行，本週，天王星會和水星形成對沖。水星是代表溝通交流的行星，他在你的第七宮親密關係宮。金星同樣在你的第七宮逆行，你可能會通過夥伴/伴侶關係來體驗自己對自由的渴望。你完全有權力做自己，但需要注意表達溝通自己的需求的方式方法。你希望活得更隨意，但身邊的人沒辦法立刻明白你的意圖,金牛,http://www.go4134.com/26143242312133823458/108-10144315705,10/7/2018,【蘇珊米勒】每周星座運勢10.8-10.14,蘇珊米勒,1
本週你的生活重點在財務問題，水星進入你星盤中代表遺產、投資和他人財產的宮位。昨天，金星也開始逆行，金星代表價值，所以你可能會考慮自身的價值，尤其是是與金錢相關的價值。接下來水星會和天王星形成對沖，從五月開始，天王星就一直在你的個人資源宮內運行。和讚助商的談判可能會出現意外轉折，但你會做好準備。你是白羊座，眾所周知，你可以獨立思考。,白羊,http://www.go4134.com/26143242312133823458/108-10144315705,10/7/2018,【蘇珊米勒】每周星座運勢10.8-10.14,蘇珊米勒,5
代表愛與美麗的金星已經於昨在天蠍座進入了逆行狀態。隨著她漸漸靠近行運於天蠍座對宮（代表承諾關係）的天王星，你可能會在該領域經歷混亂與動盪，由此令你更渴望更大限度的獨立與自由。若你想改變外貌/外在風格，最好等一等，因為逆行的金星可能會令整形手術有差池。感情關係也會受此逆行的影響。在11月16日金星恢復順行之前，盡量不要做大幅度的改變或調整。,天蠍,http://www.go4134.com/26143242312133823458/108-10144315705,10/7/2018,【蘇珊米勒】每周星座運勢10.8-10.14,蘇珊米勒,4
這週在工作上的表達可能遇到困難，因為逆行的金星與你工作和日常安排宮的火星相刑，但這周有個天秤座新月，意味著財務領域的全新開始，權威的土星還與你的主星水星呈吉相，為你伸出援手。如果你計劃申請加薪或帶薪假期，可以很快得到你一直努力爭取的成果。,處女,http://www.go4134.com/26143242312133823458/108-10144315705,10/7/2018,【蘇珊米勒】每周星座運勢10.8-10.14,蘇珊米勒,5
你的守護星金星，一直在為你的財務方面賜福，但昨天她在你星盤中的這一區域轉入了逆行，這可能會引發小的延遲和難題。她與火星之間發生的小摩擦，意味著問題可能涉及孩子、創意項目、甚至於你尋求快樂的渴望。不過，本週的新月點亮了天秤座，邀請你為接下來的一個月做打算。為現在行之有效的事情而慶祝吧，並評估一下你想要發起的改變吧。,天秤,http://www.go4134.com/26143242312133823458/108-10144315705,10/7/2018,【蘇珊米勒】每周星座運勢10.8-10.14,蘇珊米勒,4
本週你會把注意力著重放在工作和人際關係上。你的效率會很高，並且會處理大量的電子郵件和電話。火星將穿過你的事業宮，是時候追求更高的職位了。在個人生活中，你會感受到更多的支持和愛意。你甚至有可能受邀出席一個不凡的聚會或豐盛的飯局。你的守護星金星——這顆代表愛與美的行星會在10月5日至11月16日逆行，你可以考慮將不是必須按期進行的皮膚理療延期。,金牛,http://www.go4134.com/26143242312133823458/108-10144315705,10/7/2018,【蘇珊米勒】每周星座運勢10.8-10.14,蘇珊米勒,4
本週終於能從日常職責中脫身出來了。比如在火星穿行於長途旅行宮時，你可能會渴望一場文化之旅，但更有可能是一次心靈旅行。逆行的金星與火星的相位，激起你對出行的無限渴望。週一新月，一定要時刻關注有沒有能做出改變的機遇。多樣與變化，本來就是生活的某一特性，對雙子座來說猶是。,雙子,http://www.go4134.com/26143242312133823458/108-10144315705,10/7/2018,【蘇珊米勒】每周星座運勢10.8-10.14,蘇珊米勒,4
本周和家庭及伴侶之間可能瀰漫著緊張氣氛，因為金星和火星正彼此挑釁著對方。金星在你家宅宮內逆行，因此在這種情況下你可能會站在伴侶那邊。但要記著你的伴侶不需要表現出空有浪漫的態度，而這個戰爭也可能涉及到某位密友或工作同事。週一的新月將給獅子座送去支持性的擁抱，而且其攜帶的信息是和平且具折衷妥協性的。,獅子,http://www.go4134.com/26143242312133823458/108-10144315705,10/7/2018,【蘇珊米勒】每周星座運勢10.8-10.14,蘇珊米勒,2
本週你可能會去旅行，甚至去的是比較遙遠的地方。出於學習和製定與朋友一起旅行的計劃需要，你也會有更多的交流互動。火星將處於你個人表現的宮位內，因此你會精力充沛並渴望獨立與自由。然而留神別做過火了，因為你有容易發生意外的傾向，尤其是在家宅中。從10月5日至11月6日，象徵愛與美的金星會在你的事業宮內逆行，所以你可能會重新審視自己的生計狀況和潛在的收入源。,水瓶,http://www.go4134.com/26143242312133823458/108-10144315705,10/7/2018,【蘇珊米勒】每周星座運勢10.8-10.14,蘇珊米勒,4
本週，隨著太陽點亮你的榮耀與成就之宮，事業將需要你的關注。金星在你交流宮內的逆行將持續到11月16日，如果你在過去曾通過寫作、教學和出版來賺過錢，那麼這其中的某個領域中會有機會以一種值得注意的方式重新出現。火星將在歡呼聲中離開水瓶座，11月15日在它進入你的財帛宮雙魚座度過今年餘下的時光之前，它將同天王星相連，給你帶來意外的消息。在此過程中，你會想去賺更多錢，同時也為自己喜歡的東西付出更多。11月16日至12月6日水星逆行期間，你將其重新聯繫某位有段時間沒聯絡的朋友。,摩羯,http://www.go4134.com/26143242312133823458/1112-11182214143,11/11/2018,（週運）蘇珊米勒每周星座運程,蘇珊米勒,2
本週的重點是工作。在11月11日的時候你可以把握某個機會額外賺點錢，屆時太陽會與冥王星成相。在11月15日，突然出現的吸引力可能會引發旋風般的浪漫，這段感情令人興奮卻難以持久。等11月15日火星進入你的工作宮時，業務的腳步就會加快起來，直到年底火星都一直在這一宮位。所以這段時間裡，你會非常高效。等11月16日金星恢復順行了以後，你會覺得鬆了口氣，因為在金錢和關係方面出現停滯、挑戰的地方，屆時就會開始推進和消除了。不過，水星從11月16日到12月6日在你的第三宮逆行，而這可能會造成誤解、旅行延遲或者交通問題。,天秤,http://www.go4134.com/26143242312133823458/1112-11182214143,11/11/2018,（週運）蘇珊米勒每周星座運程,蘇珊米勒,5
11月11日當在你家宅宮行運行內的太陽與冥王相連，你會有股清理居所的衝動。可能你打算重新整修某件家具或開始一個FIY項目。從11月5日到年底，火星將造訪你的第8宮。金星從10月31日開始就在你得第三宮內逆行，這會帶來有關交流方面的挑戰。如果你尚未充分利用你的平板、手機、筆記本電腦的完整功能，那麼當11月16日金星恢復順行後，你也許會想抱名參加能教你如何更高效地使用這些設備的學習班。,獅子,http://www.go4134.com/26143242312133823458/1112-11182214143,11/11/2018,（週運）蘇珊米勒每周星座運程,蘇珊米勒,2
作為一個射手座，本週你會想要把箭瞄準高處，因為木星的恩賜會照亮你。11月11日冥王星與太陽聯手，你會完成大量幕後工作。11月15日火星與創新的天王星組隊，大力激發了你的創造力，對寫作，銷售和交流方面的事情都非常有利。節日即將到來，你的焦點會轉移到家和家人，從11月15日到年底，火星都會停留在你的家庭宮裡。你會忙著籌辦派對，家裡準備迎接住客，或在節日的快樂中裝修居所。金星在11月16日前都還在逆行，說明你會和來自過去的朋友重新聯繫，快樂地追憶往事。,射手,http://www.go4134.com/26143242312133823458/1112-11182214143,11/11/2018,（週運）蘇珊米勒每周星座運程,蘇珊米勒,2
這周太陽激活你星盤第三宮，你有很多事情要做，可能要在城裡往返跑動、辦理各種事務、和遇到的很多人交談。11月15日可能有筆意外進賬，火星與天王星呈吉相，而天王星退回了你星盤掌管獎金、保險理賠、訴訟賠款等外財的第八宮。11月16日到12月6日，你的主星水星在你星盤家庭宮逆行，這期間，你可能受到吸引去讀讀有關風水的書籍，重新擺放家具，或做個基因檢測了解自己的祖傳基因。如果你還因為一些東西帶有懷舊的感情意義而不捨得丟掉，但它們除了給生活添亂也沒別的用了，這時可能要考慮丟掉它們了。,處女,http://www.go4134.com/26143242312133823458/1112-11182214143,11/11/2018,（週運）蘇珊米勒每周星座運程,蘇珊米勒,1
本週工作超級繁忙。若你是以版稅、佣金或小費為主要收入來源，11月11日你會有大筆收入，主要拜日冥吉相位所賜。火星從11月15日至年底進入雙子座代表榮耀、成就、名望的10宮，你會因為曾經的努力獲得提拔、嘉獎等。若你很有頭腦，且一直勤勉工作，本週你有絕佳的機會提高自己在公司或者業內的地位。你的守護星，水星將從11月16日至12月6日開始逆行，所以最好等到他恢復順行後再簽合同。從事銷售業務的，可以維護老客戶和開發新客戶並行。,雙子,http://www.go4134.com/26143242312133823458/1112-11182214143,11/11/2018,（週運）蘇珊米勒每周星座運程,蘇珊米勒,4
本週天蠍座可謂氣勢如虹。11月11日冥王與太陽成吉相，令你無可抵擋。11月15日的行運會幫你開展某個拖延已久的家庭計劃。火星進入雙魚座對感情生活產生極大的推動，這是一個對天蠍座非常友好的位置，從11月15日開始直至年末，戰神都在此地。這是非常適合約會、促進感情發展、開展創意行為的時期。愛侶對你隱藏的信息忽然曝光，這主要是因為金星將於11月16日恢復順行。最好不要在11月16日至12月6日水星逆行期購買任何電子產品或貴重物品。,天蠍,http://www.go4134.com/26143242312133823458/1112-11182214143,11/11/2018,（週運）蘇珊米勒每周星座運程,蘇珊米勒,5
本週你的魅力會大大提升。11月11日冥王星會在神秘的天蠍座與太陽相合，如果你正在約會，別人會覺得你不可抗拒。11月15日，因為火星和天王星保持一致，你會遇到一些有趣的人，而這一天也會成為你在社交網絡和社交媒體上擴大影響力的一天。因為金星在11月16日恢復順行，因此你可能會在社交活動中意外遇到舊人。如果你一直不確定是否要對一段感情做出承諾，那麼一旦金星恢復順行，你會很清楚地知道該留下還是離開。16日水星也要開始逆行了，這可能會導致你在旅遊、互聯網生活、教育或移民問題上出現失誤。,白羊,http://www.go4134.com/26143242312133823458/1112-11182214143,11/11/2018,（週運）蘇珊米勒每周星座運程,蘇珊米勒,2
本周非常高效。火星從11月15日至年底都停留在雙魚座。這可是每兩年半才會出現一次的行運。火星令人動力十足、更加堅定、熱情、更有勇氣，可以讓你用超級旺盛的精力來達成任何目標，當然也會在競爭中佔盡優勢。感情運也高漲，若尚處於了解、試探階段的，火星會讓你魅力四射，得到更多關注，有伴的，會得到伴侶更多回應。金星將在雙魚座借貸宮逆行至11月16日。若你對當前持有的信用卡利率不滿意，該行運會幫你找到更合適的。,雙魚,http://www.go4134.com/26143242312133823458/1112-11182214143,11/11/2018,（週運）蘇珊米勒每周星座運程,蘇珊米勒,5
本週你會從諸般星像中感受到變化的發生。11月15日火星會和天王星吉相，你會聽到一些關於事業的驚人好消息，11月15日火星也會離開你的榮耀和成就宮，它會拜訪你的希望和夢想宮，並且一直待到年底。這段時間裡，你的社交日程中會安排很多讓人興奮的活動。你,金牛,http://www.go4134.com/26143242312133823458/1112-11182214143,11/11/2018,（週運）蘇珊米勒每周星座運程,蘇珊米勒,4
這周星相帶來重點上的轉變，你的冒險精神變得更加高漲，11月15日到年底，火星進入雙魚座，你星盤上掌管遠行的第九宮，期間你可能外出旅行。金星繼續在你星盤家庭宮逆行，意味著你必須處理好家庭事務，也許你一直在幫助父母換到一個小一些但生活方便的房子裡。如果你最近繼承了房產，可能要研究一下它的價值或為出售做個評估。金星將逆行到11月16日，幫你完成和確定相關事務。但金星順行的同時水星又開始逆行，從11月16日逆行到12月6日，水星掌管交易，最好等到12月中旬再簽約或買賣房產。,巨蟹,http://www.go4134.com/26143242312133823458/1112-11182214143,11/11/2018,（週運）蘇珊米勒每周星座運程,蘇珊米勒,1
你會擁有魔力的一周，因為太陽即將進入射手座，標誌著全新經歷的新周期。你正處於射手座生日月的開端，這時宇宙會對你的私人事務表示讚許。11月19日火星會和木星聯手，意味著如果你小心前進，會過得非常高效。只要你不口是心非，不過度勉強自己或透支自己的資源，那你就沒事兒。11月22日的雙子座滿月會為你帶來訂婚或新業務合作關係。但是水星會逆行到12月6日，所以最好等到這之後再做正式宣布。另外，木星會太陽非常親密，為你在周末灑下幸運，快樂和樂觀精神。,射手,http://www.go4134.com/26143242312133823458/1119-25,11/18/2018,（週運）蘇珊米勒每周星座運程,蘇珊米勒,1
本週天蠍的生活高質，充滿歡聲笑語、也會倍加寵愛自己，除非現在的你資金緊張或者正在節食。11月19日，火木共振，敦促你多陪陪子女或者愛人。11月22日滿月這天，太陽進入射手座，準備好盡情享受假期和各種聚會吧。11月23日，美國知名的黑色星期五大甩賣日，你也會大買特買。水星尚在逆行，如果你添置電子產品的話，可能會推遲到12月6日，水順之後。收好購物小票，以備不時之需。,天蠍,http://www.go4134.com/26143242312133823458/1119-25,11/18/2018,（週運）蘇珊米勒每周星座運程,蘇珊米勒,4
由於三顆行星正聚集在歡樂與幸運的射手座內，點亮了你的社交宮，你即將迎來一個充滿浪漫、歡慶和樂趣的一周。逆行的水星將令你和一直失聯的過往老友重新聯繫上，這樣你就有機會去了解最新情況。如果你打算慶祝感恩節，那也許你會處於具有天賦和創意且精通搞排隊的人群之中。可能某個談話會點燃你的冒險精神並鼓舞起你去遠方異國他鄉旅行的念頭。由於11月22日的滿月在你的愛、休閒與娛樂宮內散發光芒，到了周末你將沉浸在嬉戲與狂歡之中。,水瓶,http://www.go4134.com/26143242312133823458/1119-25,11/18/2018,（週運）蘇珊米勒每周星座運程,蘇珊米勒,1
本週忙的馬不停蹄。11月19日，你要注意工作不要排的太滿，導致勞動過度。古人云：以人為鏡，可以明得失，你從每個人身上都能看到自己的最優品質，以及哪些需要改進。特別是11月22日至12月22日，太陽行運射手走期間，你會頗有感受。另一方面，雙子座滿月會有某件重要的事開花結果。可能會出行、探親訪友或者忙於社交。水星尚在逆行，所以難免會有誤解或拖延，所以計劃務必仔細、周密，預約最好確認再三。,雙子,http://www.go4134.com/26143242312133823458/1119-25,11/18/2018,（週運）蘇珊米勒每周星座運程,蘇珊米勒,3
本週你的經歷會主要集中在金錢問題上，所以如果你現在手頭拮据的話，你可能需要克制自己衝動消費，尤其是在11月19日，火星和木星的相位會誘惑你超支。如果你在11月22日參加一場奢華的宴會，木星也會誘惑你放縱自我。22日當天的滿月會鼓勵你購買節日禮品。如果你正在戀愛，你會想為愛人做些特別的事。不過你肯定知道，最好到12月6日之後再購買電子設備，那時水星會恢復順行。如果你申請獎金、信用審批或禮金，滿月也會給你帶來一大筆收入。,金牛,http://www.go4134.com/26143242312133823458/1119-25,11/18/2018,（週運）蘇珊米勒每周星座運程,蘇珊米勒,4
本週三星齊聚雙魚座命盤天頂位置，你有大把的職業閃耀機遇並獲得多方掌聲。日木在代表榮耀、獎賞與成就的位置攜手，這可是12年難能一遇的吉相——這絕對是2018年的吉運高峰。可能收到知名媒體邀約，讓你的公司、業務有機會擴大公眾知名度，差旅也不乏愉悅體驗，還有進一步擴大市場覆蓋率的機會，還有那些超乎你想像力的好事。11月22日的雙子座滿月，定有值得與家人、愛人聚會慶賀的喜事。,雙魚,http://www.go4134.com/26143242312133823458/1119-25,11/18/2018,（週運）蘇珊米勒每周星座運程,蘇珊米勒,4
這週你的重點在家庭和家人，因為你星盤家庭宮被星相能量強烈激活。你可能計劃家裡的感恩節大餐，裝飾傢庭，因為你要在11月22日宴請很多客人。這周木星非常活躍，你的表現非常出色，會讓你的感恩節晚宴被客人們銘記一輩子。處女座本就擅長規劃細節，你會讓一切都保持最高質量，不過處女座主星水星逆行，你要反複檢查一切，從購物清單到客人到達時間都要做好確認，以防遇到任何問題。,處女,http://www.go4134.com/26143242312133823458/1119-25,11/18/2018,（週運）蘇珊米勒每周星座運程,蘇珊米勒,4
這週你會很興奮，想沖向前方，因為白羊座的守護星火星會和木星保持同步，這會給你能量和動力開始新的項目，承擔獲得成功要經受的風險。不過你可能會發現，避免讓自己過度疲勞的方法是調整自己的步調。11月22日，太陽會進入愛玩的射手座，年終假期的序幕也終於在歡呼聲中緩緩拉開。太陽和仁慈的木星會非常接近，如果你在歡度節假日，這個星象會為你的感恩節餐桌增添光彩和歡樂。同一天發生的滿月意味著你可能要經歷長途跋涉，然後和愛的人在一起。,白羊,http://www.go4134.com/26143242312133823458/1119-25,11/18/2018,（週運）蘇珊米勒每周星座運程,蘇珊米勒,1
你可能會經歷忙碌的一周。在11月19日火星與木星構成衝突相位，你可能會出現過度工作的狀況。留意別允諾自己能力之外的事情。你可能有很多話要說，而且會關注於寫作和溝通交流。水星依舊在逆行，所以注意為手機充好電，確保開車上路前把車調試好。11月22日，太陽會與水星、木星在你短途旅行宮合相，這意味著那個週末你可能會去短途旅行。同一天出現的滿月暗示著，你可能會去拜訪兄弟姐妹或者姻親。位於天秤座的金星會讓你一頭扎進各種社交活動中來。,天秤,http://www.go4134.com/26143242312133823458/1119-25,11/18/2018,（週運）蘇珊米勒每周星座運程,蘇珊米勒,1
這週工作上活躍忙碌，因為你星盤工作宮被太陽、木星和逆行的水星激活了。11月19日火星與木星呈吉相，敦促你加班做事。金星在你星盤家庭宮，意味著你可能在家舉辦感恩節活動，招待家人和朋友們，可能還有些外地來的客人。木星的影響非常強烈，保障你提供的餐食、活躍的對話和社交讓大家非常滿意。另外，11月22日的雙子座滿月發生在你星盤十二宮，敦促你留些時間放鬆，週末可能要安靜一些，得到些休息。,巨蟹,http://www.go4134.com/26143242312133823458/1119-25,11/18/2018,（週運）蘇珊米勒每周星座運程,蘇珊米勒,4
本週的星象陣列將給你帶來歡樂與浪漫，因為太陽、木星和逆行的水星都聚集在與你獅子座十分適配的火象星座射手座內，也就是你的真愛宮。如果你正在約會中，那麼11月19日當激情的火星與木星相戰，你會謹慎地推進關係。你將具有強大的熱忱與魅力，但要是你太過衝動且行為草率，那有可能作出輕率的決定。例如你也許會頭腦發熱與某個你並不真正了解的人開始一段關係。太陽和木星的位置十分接近，因此週末的感恩節假日對於社交、與孩子共處、和親朋好友一起看體育比賽、甚至結識靈魂伴侶來說是個如有魔力般的時間。,獅子,http://www.go4134.com/26143242312133823458/1119-25,11/18/2018,（週運）蘇珊米勒每周星座運程,蘇珊米勒,5
本週你會從工作中抽出些時間來關注下個人事務。由於太陽、木星、水星都在你的休整與隱退宮內，你也許會安排下體檢、檢查下眼睛、或預約下牙科醫生。11月22日你可能會去旅行，沒準是同家人共度感恩節或是去大自然度過安靜的時光讓自己休息一下。在這同一天的滿月發生在你健康宮內，也許會引導你去spa進行排毒和緩解緊張。真是你可能會參加瑜伽講習班或冥想課程好讓你的身心靈恢復到最佳的平衡狀態，如處世界之巔。,摩羯,http://www.go4134.com/26143242312133823458/1119-25,11/18/2018,（週運）蘇珊米勒每周星座運程,蘇珊米勒,4
本週你會感謝所有為你灑下祝福與好運的星星們。木星會和太陽在射手座聯手，每12年才發生一次的星象。這個吉象必然會幫助你達成心之所願。你可能有機會旅行或學習讓人激動的主題，陷入愛情，或實現最狂野的夢想。如果你在約會，很可能會在11月30日被奔放不羈的戀人帶走，那時金星和天王星對沖。戀情裡你最好小心行事，因為你新的甜心可能並不能認同你的價值觀，儘管你們在一起那麼快樂和刺激。,射手,http://www.go4134.com/26143242312133823458/1126-1222171200,11/25/2018,（週運）蘇珊米勒每周星座運程,蘇珊米勒,4
本週天蠍座腦子裡都是金錢問題，那是因為代表幸運與饋贈的木星與太陽、水星都在你的收入宮為伴。若你申請加薪，如願的機率很高，副業也會增加你的收入，也可能是收到現金形式的禮物。想要自己幹的，可能發現11月27日是適合談生意或者寫企劃的好日子。水星將會逆行至12月6日，所以最好等到水順之後再簽合同或者買電子產品。你比平時更加慷慨，花錢也更大手筆，特別是在孩子或者伴侶身上。不管買什麼務必保存好小票。,天蠍,http://www.go4134.com/26143242312133823458/1126-1222171200,11/25/2018,（週運）蘇珊米勒每周星座運程,蘇珊米勒,4
這週你一定會有個好開頭。11月25日，太陽會進入你的旅行和冒險宮位，加入木星的陣營。有一個讓人興奮的機會等著你，你可以去異國他鄉旅行、繼續深造或者推進出版業務。11月26日，水星和火星會發生衝突，所以最好在這一天避免草率行動，避免做衝動的決定。11月27日，火星和土星會齊頭並進，它們會給你開綠燈，幫助你制定計劃和長遠的規劃。111月30日，金星會和天王星起衝突，這個星象可能會導致你人際關係方面突然的變化。如果你在約會，你可能會一見鍾情，立刻被對方征服，但這種感覺不會持續太久。,白羊,http://www.go4134.com/26143242312133823458/1126-1222171200,11/25/2018,（週運）蘇珊米勒每周星座運程,蘇珊米勒,1
本週的星象將帶給你歡樂與浪漫。11月25日，木星將同獅子座的守護星太陽在你的真愛宮內攜手，使得這一天成為與某位特殊之人見面、開始一個創意性的項目、或與孩子共度美好時光的好日子。11月26日，火星同水星發生衝突，這堆高風險的投資不利。11月27日，你腦海中有許多想法要表達。也許你會想寫博客、文章、或僅僅是聊一整天的電話。最重要的是，在周末你可能會去旅行。另外，受天王星的影響，你會想嘗試些不同尋常之事，或不走尋常路。,獅子,http://www.go4134.com/26143242312133823458/1126-1222171200,11/25/2018,（週運）蘇珊米勒每周星座運程,蘇珊米勒,1
你可能發現本周非常適合去參加社交活動，邂逅新人。木星將在11月25日與太陽攜手，助你啟動新生意並且與那些能夠拓展你的世界、讓你的人生突飛猛進的人相識。11月27日跟那些曾經做過生意的人聯繫是明智之舉，因為你會徹底吸引他們的忠誠度。想要約會的，可能會在11月30日意外開啟一段網戀，這天金天雙星成相。另一方面，有伴的，不要和別人打情罵俏可能會引起伴侶的誤解。,雙子,http://www.go4134.com/26143242312133823458/1126-1222171200,11/25/2018,（週運）蘇珊米勒每周星座運程,蘇珊米勒,2
本週由於太陽、木星和水星都在你那關於理想的宮位內，鼓舞你去實現自己的個人目標，尤其是其中那些能對全世界產生影響的，因此本週你的關注點將集中在希望與夢想上。11月25日，木星與太陽會合，促使你去那些會支持你的與志同道合之人聯絡。你會發現這段時間適合金星工作應酬、社交、或與朋友共度愉快時光。通過與有趣的人們相聚，會拓展你的世界，開啟通往令人振奮的新體驗之門。如果你正在約會覓偶階段，週末你也許會在旅途或鄰里聚會中邂逅某位能令你眼前一亮之人。,水瓶,http://www.go4134.com/26143242312133823458/1126-1222171200,11/25/2018,（週運）蘇珊米勒每周星座運程,蘇珊米勒,5
本週你會想抽些時間處理下個人事務。作為摩羯，你總是有股追求世俗成就和地位的勁頭，但太陽正在你的私密宮內，這意味著這是本年度擺脫沉重的工作進行休息、恢復的時候來臨了。11月25日，木星將與太陽相合，這會給你去溫泉浴場旅行、恢復精神帶來幸運的突破。若是你從事創意領域工作，那你一個人關起門工作能幹得非常好。11月27日，當水星與木星相合，你將冒出一大堆靈感。若你在做業務，那麼11月30日金星與天王星對沖之時，你可能會更新你的網站。,摩羯,http://www.go4134.com/26143242312133823458/1126-1222171200,11/25/2018,（週運）蘇珊米勒每周星座運程,蘇珊米勒,4
本周雙魚座的事業宮大放異彩，因為11月25日，木星將在代表雙魚座名望與聲譽的宮位與太陽合相。你有絕佳的機會開發出更廣闊的目標市場，也可能是見諸報端或者與媒體有所接觸，獲得更大的知名度。若你打算做出改變，或者尋找待遇更好或者更高的職位，水木雙星將在11月27日協力助你，特別是面試的時候。行運於雙魚座的火星則會令你頗受大人物的歡迎，魚兒們也會有極大的競爭優勢。水星將逆行至12月6日，所以在此之前最好不要簽合同。,雙魚,http://www.go4134.com/26143242312133823458/1126-1222171200,11/25/2018,（週運）蘇珊米勒每周星座運程,蘇珊米勒,5
本週你好運多多。11月25日木星和太陽會在你掌管旅行、教育和溝通交流的宮位構成和諧相位。你可能有機會去短途旅行、學習對事業發展有助益的新課程，或者通過博客、寫作或演講等途徑發出自己的聲音。11月27日水星與木星合相，屆時你可能會收到與兄弟姐妹相關的好消息。這一相位還超級有利於考試、社交或者娛樂。在11月30日，金星對沖天王星，你會想要打破日常，去嘗試新事物。你對探索、試驗和冒險非常有興趣。,天秤,http://www.go4134.com/26143242312133823458/1126-1222171200,11/25/2018,（週運）蘇珊米勒每周星座運程,蘇珊米勒,1
這週你的起居空間動態頻頻，因為你星盤掌管家庭的第四宮迎來三顆開心的星星。11月25日你可能在家舉辦派對，太陽與木星相合，用好運和幸福給你加持，或你家裡可能留宿外地、外國的客人。水星還在逆行，最好反複檢查各種預約和安排，以免遇到問題。11月27日水星與木星相合，你可能得到好消息或計劃去海外旅行探視家人。11月30日金星與天王星對沖，最好避免衝動購物，這時買來的東西可能很快就覺得不滿意了。,處女,http://www.go4134.com/26143242312133823458/1126-1222171200,11/25/2018,（週運）蘇珊米勒每周星座運程,蘇珊米勒,4
這週工作和健康是重點，太陽、水星、木星在你星盤掌管日常事務的第六宮聚會。你可能忙著參加各種會晤、談判、展演，如果你在找工作，太陽與木星相合非常有利，可以幫你拿到理想的崗位。如果你已經就業，可能得到利潤可觀的項目。12月7日前水星還在逆行，最好等到水星順行後再簽訂合同。如果你一直身體不好，這週的好星相幫你快速康復。11月27日你可能註冊或參加一門課程，加強你的工作技能。11月30日金星與天王星對沖，你的個人計劃可能被意外出現的工作責任干擾。,巨蟹,http://www.go4134.com/26143242312133823458/1126-1222171200,11/25/2018,（週運）蘇珊米勒每周星座運程,蘇珊米勒,1
本週你的重心可能在於財務。11月25日，木星和太陽會師，這會是一年中最幸運的一天。你可能會收到貸款或抵押貸款批准的好消息，或者從保險、版稅或遺產事項中獲得一大筆款項。26日，火星和水星發生衝突，所以最好避免衝動購物。接著你會發現，27日特別適合商務談判、壓價和買賣交易。不過，如果簽署文件最好還是等到12月6日，那時水星會恢復順行。11月30日，金星會和天王星發生對沖，這個星象會給你的工作環境帶來意外的變化。同事或下屬可能突然辭職，長期客戶也有可能不再與你繼續合作。,金牛,http://www.go4134.com/26143242312133823458/1126-1222171200,11/25/2018,（週運）蘇珊米勒每周星座運程,蘇珊米勒,1
這也許將是充滿驚喜的一周。11月6日當太陽與海王星攜手，你的注意力可能會放在私人生活上。你沒準會想重新裝修你的住宅、組織家庭或購買海邊的房屋。同樣在11月6日，天王星將逆行回到體驗學習的的區域，這將鼓舞你去報名參加學習研討會來開發你的潛力。另外，若你一直盼望生活中能多點兒浪漫，那麼從11月8日開始木星在你真愛宮內的逗留將引領起這股趨勢。在未來13個月內，你在感情方面將很幸運並能吸引到有趣的伴侶。愛情無處不在，但由於11月16日之前金星都在逆行，在那之前得對感情看清楚些。,獅子,http://www.go4134.com/26143242312133823458/115-1111,11/4/2018,（週運）蘇珊米勒每周星座運程,蘇珊米勒,5
本週你精力充沛因此能迅速取得進展。在水瓶座內的火星能通過給予你所需要的鼓舞與決斷來完成許多事，幫助你掌控局面。11月7日發生在你榮耀與名望宮內的新月將帶給你推動事業的機會並提升你的聲望。你也許會去面試新的職位或得到晉升。從11月8日至2019年12月2日，木星將造訪同水瓶座關係友善的射手座，這將幫助你實現希望和夢想。你可能將結識新的朋友並拓展你的工作夥伴圈，或作為團隊的一員去海外旅行。,水瓶,http://www.go4134.com/26143242312133823458/115-1111,11/4/2018,（週運）蘇珊米勒每周星座運程,蘇珊米勒,4
本週你一定要準備好願望清單，當你的主星木星在11月8日進入射手座，你即將開啟一段關於個人擴展和成長的旅程。接下來的13個月你會有很多機會深造學業，旅行，找到一生摯愛，在事業上表現突出，或實現你最瘋狂的夢想。這樣幸運的星象每12年才來一次，所以你肯定要好好利用。如果你單身，你會被非常不同尋常的人吸引，因為天王星從11月6日一直到進入2019年一路逆行回到了你的真愛宮。11月7日的新月會激發你花時間照顧自己的精神世界，你會花時間呆在大自然裡，冥想或練習瑜伽。,射手,http://www.go4134.com/26143242312133823458/115-1111,11/4/2018,（週運）蘇珊米勒每周星座運程,蘇珊米勒,4
本週的星象會帶給你很多改變的機會。天王星在11月6日逆行回到白羊座，而且會一直呆到今年年底，在這段時間裡，你要被迫承受更多風險，遠離限制你自由的環境。11月7日新月發生在你的共享財產宮，它會給你必要的財政支持，幫助你夢想成真。你可能想申請貸款、按揭或補助金、調高信用額度。11月8日，木星將訪問你的第九宮，接下來的13個月，它會激勵你環遊世界或進行更高階的學習。,白羊,http://www.go4134.com/26143242312133823458/115-1111,11/4/2018,（週運）蘇珊米勒每周星座運程,蘇珊米勒,1
本週事業發展將要突飛猛進。感謝11月7日的天蠍座新月，你可能啟動公關/促銷活動或者獲得主流媒體的關注。也許會接受重要的網絡電台、電視節目採訪或者你會見諸報端、雜誌等。幸運之神木星將在2018年11月8日至2019年12月2日行運於代表雙魚座事業的宮位。未來的13個月，可能會獲得晉升、跳槽到更高平台等等。本週最佳浪漫日是11月9日，火金雙星協力，非常適宜私人約會，跟重要的某人甜蜜晚餐。,雙魚,http://www.go4134.com/26143242312133823458/115-1111,11/4/2018,（週運）蘇珊米勒每周星座運程,蘇珊米勒,1
本週你有點石成金的能力，因為在你星盤掌管收入的宮位會有大量的行星活動。10月29日木星會與水星合相，這能為你帶來絕佳的賺錢點子。買、賣對你而言都是有利可圖的，你能談下一筆非常成功的交易。也許你在為萬聖節做準備，如果你的工作屬於能賺小費、獎金或者版稅的，那你可能會得到一筆意外之財。說到感情方面，金星繼續逆行，舊的愛情火花突然重返，期望重燃浪漫。位於你真愛宮的火星，可能會點燃你的魅力，讓你變得令人難以抗拒。,天秤,http://www.go4134.com/26143242312133823458/115-1111,11/4/2018,（週運）蘇珊米勒每周星座運程,蘇珊米勒,5
周初，你會考慮家人和居家藝術，月亮在你星盤家庭宮，非常適合舉辦派對或做些自己動手完成的項目。11月6日太陽與海王星呈吉相，你會喜歡這燦爛的日子，非常適合用在創作追求上，也適合與愛人共度浪漫夜晚。北京時間11月8日的新月發生在你星盤真愛宮，如果你渴望戀愛，新月讓你發現內心的渴望，這時新的感情關係可能發展較慢，但等到11月16日金星順行後就會明朗許多。這個有愛的新月一定會點燃你的創造力，尤其對於從事藝術工作的巨蟹座。或者，如果你一直想要小孩，可能這時得到懷孕的消息。還有可能沒有什麼特別特殊的事情，你就是感覺非常開心。,巨蟹,http://www.go4134.com/26143242312133823458/115-1111,11/4/2018,（週運）蘇珊米勒每周星座運程,蘇珊米勒,1
本週的關注重點是工作。11月7日落入代表雙子座生計宮位的新月會給你帶來新工作機遇，自己做生意的會接到新客戶，合伙的可能會有全新的任務。冥王星會為你帶來利潤可觀的合同，而海王星則會讓你創意滿滿。木星代表幸運與饋贈，將於2018年11月8日至2019年12月2日行運合作宮位。這個階段或許會結識富有傳奇色彩的人物，教你如何更有價值的去生活。也可能想收拾行囊週末出遊，因為金火協力將為你播撒浪漫歡愉的氛圍。,雙子,http://www.go4134.com/26143242312133823458/115-1111,11/4/2018,（週運）蘇珊米勒每周星座運程,蘇珊米勒,4
你迎來忙碌的一周，這周強調了日常交流。11月6日太陽與海王星呈吉相，鼓勵你加入慈善事業成為志願者、加入瑜伽俱樂部或參與一項創作。北京時間11月8日的新月為你帶來旅行、學習、啟動寫作項目的機會。11月8日到2019年12月2日，木星進入你星盤家庭宮，如果目前的生活環境讓你不夠滿意，你有足夠時間和機會找到改變它的辦法。這段時間你可能搬進更大的房子，投資房產，買下夢想豪宅或裝修改造現在的房子。,處女,http://www.go4134.com/26143242312133823458/115-1111,11/4/2018,（週運）蘇珊米勒每周星座運程,蘇珊米勒,2
本週你的社交安排將是滿滿的。11月16日太陽和海王星將奏響和諧的樂章，這可能會促使你去參加慈善活動，在那兒你能建立起有意義的新的人際關係。最重要的是，11月7日新月將點亮你的朋友與同伴相互宮，給你帶來更多的機會去結識新朋友，拓展你的影響力。你可能會成為某個藝術團體的成員之一，或被邀請去參加一個頗有名氣的鄉村俱樂部，會成為隸屬於某個傑出組織的一員。從11月8日至2019年12月2日，當木星從你的冥想宮內獲取益處，你的精神生活必將迎來井噴。在這段時期內，你將被藝術工作、整體療法或冥想所吸引。,摩羯,http://www.go4134.com/26143242312133823458/115-1111,11/4/2018,（週運）蘇珊米勒每周星座運程,蘇珊米勒,4
因為11月7日天蠍新月發生在你的承諾關係宮，所以你可以開始一段新的商業或私人關係，讓生活變得更豐富多彩。然而，你的守護星金星到11月16日才會恢復順行，因此在新關係中，逐漸熟悉的階段可能比較緩慢，直到金星恢復順行時才會恢復正常節奏。感情生活方面，舊情人可能會重新出現在生活中，你們會重燃浪漫或徹底結束。從11月8日到2019年12月2日，幸運的木星一直在你的共享財產宮，你的財務狀況肯定會更好。你也會發現，在這段時間裡，你很容易擺脫沉重的感情包袱。11月9日，金星會和火星和睦相處，這一天會成為約會或社交的絕佳時機。,金牛,http://www.go4134.com/26143242312133823458/115-1111,11/4/2018,（週運）蘇珊米勒每周星座運程,蘇珊米勒,1
本週新月落入天蠍座，督促你以某種方式來駕馭、控制自我。金星將逆行至11月16日，所以最好等到逆行結束再做出重大改變，主要是外形方面，包括髮型、整容或紋身。蝎子們會利用這股強大的新月能量，開闢新徑，尋找全新體驗。其他重磅消息還包括，在歷經一年木星福澤的滋潤之後，這顆巨擘將要在11月8日移駕射手座了。未來13個月，他會繼續為天蠍座財宮帶來好運，也就是說有更多賺錢的好機會，你也會有更多的資金來實現自己的目標。,天蠍,http://www.go4134.com/26143242312133823458/115-1111,11/4/2018,（週運）蘇珊米勒每周星座運程,蘇珊米勒,3
最近伴侶可能需要你耐心傾聽，因為火星與海王星相合在你星盤人際關係宮。12月7日的射手座新月發生在你星盤家庭和家人宮，與火星海王星的組合關係緊張，你可能感覺家庭和人際關係間出現緊張狀況，也許是感情的緣故，也許是工作的緣故。新月鼓勵你釋放淤積中的能量，所以你要專心看看如何推進和解決事情。,處女,http://www.go4134.com/26143242312133823458/1210-12164151227,12/9/2018,（週運）蘇珊米勒每周星座運程,蘇珊米勒,3
這週你感覺格外有動力，要做好生活的安排整理，因為12月7日的射手座新月能量依然在你星盤掌管日常工作和計劃的第六宮激盪。一些簡單的行動比如整理收件箱、收拾桌面甚至去跑跑步，都可以給你給你一種成就感和可控感。現在水星順行了，很快還會回到你星盤這個位置，當你在逐一完成待辦事項時，星體輪番上陣給你能量。,巨蟹,http://www.go4134.com/26143242312133823458/1210-12164151227,12/9/2018,（週運）蘇珊米勒每周星座運程,蘇珊米勒,3
現在是射手季，這意味著獅子座的主星太陽正行經獅子座最喜歡的區域——即掌管快樂與自我表達的宮位。已恢復順行的水星也即將重訪此地，而12月7日新月的影響依然在燃燒著你的創造力，你可能會得到額外的靈感。為新項目設定目標，並抽出時間親自動手。設想下自己該如何成為一名出色的創造者或表演者，並給自己留出空間去行動。,獅子,http://www.go4134.com/26143242312133823458/1210-12164151227,12/9/2018,（週運）蘇珊米勒每周星座運程,蘇珊米勒,4
作為一個天秤座，你常常像外交家一樣閃耀——你擁有從各個角度去看待局面的非凡能力，而且能以公正超然態度地去構建公平有教養的觀點。本週，你的注意力會轉向溝通交流的宮位，這一宮也與兄弟姐妹相關。12月7日的新月也落在了這一宮，對於家人、同事或朋友之間的談話，你可能會起到促進作用，他們可能會向你尋求智慧見解。溝通交流是一切健康關係的基礎所在，本週你能找到合適的言辭而且知道如何運用它們。,天秤,http://www.go4134.com/26143242312133823458/1210-12164151227,12/9/2018,（週運）蘇珊米勒每周星座運程,蘇珊米勒,1
12月7日的新月會鼓勵你好好想想自己想在事業上取得什麼進步。鑑於現在水星已順行，並且在12月12日進入同一區域，現在的雙魚座思維敏捷，並能對自己或老闆清晰的描繪出想要達成的目標。新月期適合許願。可能需要多少付出些努力、要有計劃並且敢於去想，但幸運之神木星也在此地，並將停留至2019年12月2日，職業夢想成真機率頗高。,雙魚,http://www.go4134.com/26143242312133823458/1210-12164151227,12/9/2018,（週運）蘇珊米勒每周星座運程,蘇珊米勒,5
本周水星回到了你的他人錢財宮，所以非常適合書寫撥款申請和資金競標文書。12月7日在射手座發生的新月也點亮了這個宮位。新月意味著新的開始，因此現在非常適合關注遺產、投資收入相關的事項。更重要的是，太陽和木星（代表財富的行星）會繼續在你的他人錢財宮內運行，這個幸運的行星陣容帶給你幸運，幫你尋找新的獲利來源。,金牛,http://www.go4134.com/26143242312133823458/1210-12164151227,12/9/2018,（週運）蘇珊米勒每周星座運程,蘇珊米勒,3
水星終於批准你預定異國他鄉充滿情調的假期了。水星在12月6日恢復順行，本週，他也會進入第九宮，和木星和太陽一起長途旅行。我們會在太陽照耀的地方感受到吸引力和目標的存在，木星則會督促我們開闊視野。最近發生的射手座新月可能會讓你更渴望離開所在的城市。太陽和木星也在射手座發力，你的“逃跑計劃”會得到宇宙的祝福。,白羊,http://www.go4134.com/26143242312133823458/1210-12164151227,12/9/2018,（週運）蘇珊米勒每周星座運程,蘇珊米勒,4
每年這段時候都會有不少辦公室聚會和節日歡慶活動，但你可能只想呆在家裡。許多行星現在正駐紮在射手座內，到了12月12日，饒舌的水星也會加入它們的隊伍。射手座象徵你星盤中渴望隱居和獨處部分。如果你需要擺脫忙亂的節日活動，別羞於啟齒。有時責任感能令你呈現出最好的表現，但你同樣有責任讓你自己休息一下。,摩羯,http://www.go4134.com/26143242312133823458/1210-12164151227,12/9/2018,（週運）蘇珊米勒每周星座運程,蘇珊米勒,4
由於太陽和木星都在射手座內，你的社交生活可能會非常活躍。12月7日新月也發生在此地，且已經恢復順行的水星也即將加入它們的隊伍，你的日程安排看起來沒有任何放緩節奏的跡象。你的注意力可能集中在社會活動或致力於人道主義方面上，這對水瓶座來說很重要。此外，火星和海王星最近在你那像徵價值觀與財富的宮位內相合，你可能會為某個你認為值得的理由而奉獻時間或金錢。,水瓶,http://www.go4134.com/26143242312133823458/1210-12164151227,12/9/2018,（週運）蘇珊米勒每周星座運程,蘇珊米勒,1
本週天蠍座腦子裡想的都是錢，因為順行的水星從天蠍座再度進入了你的財宮。12月7日的新月也落入同一位置，這可能會鼓勵你預算，或者制訂新的存錢計劃。你可以先設定一個可行性比較高的目標，以便能在12月22日開花結果。鑑於火海雙星都在娛樂宮，你可能會想花上一晚上夜遊，所以在製訂計劃時為娛樂留出點時間。,天蠍,http://www.go4134.com/26143242312133823458/1210-12164151227,12/9/2018,（週運）蘇珊米勒每周星座運程,蘇珊米勒,1
本周有那麼多星星都聚集在射手座裡，你會覺得自己充滿了激情。不僅12月7日月亮開始了新周期，讓所有人都被你吸引過來，而且12月12日水星也會進入射手座。你星盤中的這部分和你自己有關:你的目的，你說話的方式，你的身體和你的外表。你可能會收到很多邀請和機遇，讓你都處理不過來了。明智的建議，射手座，你可以一切都去做，只是不要一起做所有事情。,射手,http://www.go4134.com/26143242312133823458/1210-12164151227,12/9/2018,（週運）蘇珊米勒每周星座運程,蘇珊米勒,5
本週感情是雙子座的關注重點，因為群星聚集在你的婚姻和承諾宮，包括上週的新月也是落入此地。水星也退行至此，水逆期過後，你可能想重新跟搭檔、伴侶或其他有合作關係的人溝通。12月7日的射手座新月效力將持續到本週，會讓你將關係、感情中不再有用的東西清除掉，為新的目標或者感情、合作騰空間。,雙子,http://www.go4134.com/26143242312133823458/1210-12164151227,12/9/2018,（週運）蘇珊米勒每周星座運程,蘇珊米勒,4
因為思想和交流之星水星和木星一起來到了你的個性宮內，本週你會比預計的有更多想法，知道要去做些什麼。在你星盤的同一位置的太陽也會與你創意宮內無法預計的天王星形成才華橫溢的連接。本週給自己一些空間玩樂，尤其是有關藝術的部分。如果你沒時間花時間處理所有的項目，那就把想法寫下來留給以後。本周非常適合享受創意爆棚的感覺,射手,http://www.go4134.com/26143242312133823458/1217-12231991255,12/16/2018,（週運）蘇珊米勒每周星座運程,蘇珊米勒,3
本週你在工作方面可能會完成的重要項目或目標，因為巨蟹座滿月會給你的事業宮授權。滿月邀請你享受自己勞動的成果，所以本週末花點時間去認可自己的進步，並為之而慶祝！在你的感情生活方面，本周也可能出現意料之外的進展，因為太陽與天王星構成了少見三分相，此時代表驚訝的天王星正位於你掌管關係與愛情的宮位。這一星像在本週會給所有人提供支持，所以到處都充滿了盈盈笑臉和節日喜慶的氣氛。,天秤,http://www.go4134.com/26143242312133823458/1217-12231991255,12/16/2018,（週運）蘇珊米勒每周星座運程,蘇珊米勒,4
在射手座的太陽會給在白羊座行運的天王星撒上繽紛的彩色紙屑，這一周你的生活閃爍著驚喜的光芒。射手座掌管你的冒險和長途旅行，所以，也許你的朋友會邀請你去一個意想不到的地方旅行，或者你會自己主動逃離目前的環境。星期六的滿月會把家庭和家族事務推向高潮。有審美眼光的金星也和土星形成了溫暖的相位，週末是重新裝飾或裝修房屋的好機會。,白羊,http://www.go4134.com/26143242312133823458/1217-12231991255,12/16/2018,（週運）蘇珊米勒每周星座運程,蘇珊米勒,1
12月21日的那個週末計劃或參加一個派對，因為當時的滿月給你的友情宮充電。處女座往往喜歡退居幕後，但這週你在社交時吸引力爆棚，可以為生活吸引來好朋友甚至戀人。金星位於你星盤溝通宮與你星盤真愛宮的土星呈吉相，也許鼓勵你承認對一個人的愛意，或正式明確你和另一個人的長期關係。不管你的具體情況怎樣，這週都充滿開心快樂的機會。,處女,http://www.go4134.com/26143242312133823458/1217-12231991255,12/16/2018,（週運）蘇珊米勒每周星座運程,蘇珊米勒,5
本週的雙魚座很能說服他人，因為火星行運於代表個性的宮位，與行運於友誼宮的名望成相。火星是顆鬥志旺盛的行星，如今正好坐鎮直覺力超強、頗能產生共情的雙魚座。看看什麼樣的日常練習能讓你有種被賦權的感覺。這樣的聯繫有很多種，從健身到與朋友溝通時，表現出足夠認真去傾聽，能處於對方角度看待問題等。週六的巨蟹座滿月讓你更富勇氣，不屈不撓，進一步鞏固你的領頭人位置。,雙魚,http://www.go4134.com/26143242312133823458/1217-12231991255,12/16/2018,（週運）蘇珊米勒每周星座運程,蘇珊米勒,1
這週你的愛情得到星星的更多關注和幫助。掌管愛的金星與掌管穩定的土星呈吉相，土星還位於你星盤的穩定關係宮，加上週五太陽也進入這個位置，然後立刻發生巨蟹座滿月，這週帶來表白愛意或遇見新人的大好機會，如果在健身房或排隊交款時遇到了可愛的人，不要不好意思，主動聊個天，這週結成的關係會非常持久的。,巨蟹,http://www.go4134.com/26143242312133823458/1217-12231991255,12/16/2018,（週運）蘇珊米勒每周星座運程,蘇珊米勒,5
秋天，金星在你關係宮逆行的時候，也許你已經體味過心痛或疑慮。現在，這顆代表愛的行星再次恢復順行，朝著正確的方向前進並且速度持續增加，因此，現在應該開始釋放情感了。金星會從獲得土星鼓勵的許可。在星盤中，土星代表承諾和責任。週末的滿月點亮你的溝通宮位，你會發現宇宙的鼓勵，可能現在你需要對外宣布，對你的愛人忠誠。如果你是單身，你可能會遇到一個（或者吸引一個）新的人。,金牛,http://www.go4134.com/26143242312133823458/1217-12231991255,12/16/2018,（週運）蘇珊米勒每周星座運程,蘇珊米勒,4
本週末，財務問題終於告一段落了，因為滿月落入雙子座財宮。比如節日津貼今日及時到賬，你終於可以把購物清單的東西一掃光了，或者償付信用卡賬單。日天雙星在周四成罕見吉相，本週驚喜亦是主題。太陽繼續在代表真愛宮的位置發光發熱，所以驚喜多與感情相關，比如求婚等等。,雙子,http://www.go4134.com/26143242312133823458/1217-12231991255,12/16/2018,（週運）蘇珊米勒每周星座運程,蘇珊米勒,5
本週，水星和木星在你那掌管藝術性的自我表現宮內相會，你會釋放出創造力。水星掌管文字和語言，因此如果你是位作家，你的想像力會格外豐富。同理也適用於那些與文字打交道的人，不管你是位活靈活現地演繹劇本的演員，還是廣告導演。如果你還沒找到能發揮創造力的渠道，那就利用這段時間的星像力量去發現一個新的愛好。獅子座的守護星太陽本周也會得到天王星的推動。你無法預料將會發生什麼，但這個驚喜將令你笑逐顏開。,獅子,http://www.go4134.com/26143242312133823458/1217-12231991255,12/16/2018,（週運）蘇珊米勒每周星座運程,蘇珊米勒,5
本週你會加快步伐，因為代表承諾與職責的土星支持著行運於個性宮的金星。土星容易讓人有不安感，但當其與金星成吉相位時則會展現其善意的一面。這包括：掌控感、毅力與堅持以及對那些於你重要的人信守承諾。本週末，即周六的巨蟹座滿月對天蠍座非常友善。若你進修或者出行的計劃，該滿月會助你將計劃付諸行動。,天蠍,http://www.go4134.com/26143242312133823458/1217-12231991255,12/16/2018,（週運）蘇珊米勒每周星座運程,蘇珊米勒,3
本週在其他所有人都已經進入假期模式的同時，工作卻會繼續佔據你的注意力。然而，你的努力不會白費，因為巨蟹座的滿月將照亮你通向某個重要項目頂峰的道路。水瓶座的兩個守護星，即天王星和土星，將分別收到來自太陽和金星表示支持的信號，因此這最後的高強度也許會產生你所尋求的結果。此外，金星在本週將恢復在它在結束逆行後的全速運轉狀態。由於金星一直在你的事業宮運行，因此該領域的事務進展將會加快。,水瓶,http://www.go4134.com/26143242312133823458/1217-12231991255,12/16/2018,（週運）蘇珊米勒每周星座運程,蘇珊米勒,3
如果你一直在關注愛情方面，那麼由於滿月照亮了你的關係宮，在這個週末你會得到指引。滿月通常會提供一個時機來收集我們在過去的一個月亮週期中精心培育的果實，因此回顧下12月7日的新月，來獲得自己究竟播下了什麼種子的提示吧。前景看起來是積極的，因為摩羯座的守護星土星將同金星構成慈悲的連接，而金星象徵著一切我們所愛和看重之物。,摩羯,http://www.go4134.com/26143242312133823458/1217-12231991255,12/16/2018,（週運）蘇珊米勒每周星座運程,蘇珊米勒,1
由於象徵意志和行動之星火星在你的財帛宮內昂首闊步，同時金星也在你事業宮內重振雌威，你可能會繼續全心投入在工作中。然而，本周金星將得到在你休息與隱退宮內的冥王星支持。冥王星代表權力，所以你的老闆或主管可能會提醒你休假。由於太陽最近也進入了你星盤的這個宮位，所有的跡像都表明會給你的身心一個重新充電恢復的機會。,水瓶,http://www.go4134.com/26143242312133823458/1224-12306201575,12/23/2018,（週運）蘇珊米勒每周星座運程12.24-30,蘇珊米勒,3
過去幾年，冥王星在你星盤人際關係宮，感覺你的愛情生活一直在經歷改造，冥王星會給它觸及之處帶來動蕩的變革，所以你也可能注意到了，2008年冥王星進入摩羯座至今，你生活的感情和人際領域已經發生了質變。這周金星與冥王星呈吉相，金星位於你星盤戀愛和玩樂宮，在這個節日季裡，為你的生活帶來一些及時的放鬆和樂趣。節日期間不管你和誰在一起，你們的經歷都會帶來有意義的變化和新生。,巨蟹,http://www.go4134.com/26143242312133823458/1224-12306201575,12/23/2018,（週運）蘇珊米勒每周星座運程12.24-30,蘇珊米勒,4
本週由於金星在你家宅宮內與代表力量與轉變的冥王星相擁，你會珍惜和愛人共度的時間。冥王星一直以來在你的日常工作與常規生活的宮位內運行，所以如果假期尚未安排好的話，這一星象組合會讓你重新燃起整理居所的想法，或僅僅是感受下與你所選擇共度一周的人在一起的時光。金星和冥王星之間的溫暖關係邀請我們去完整而深刻地感受那些時刻，因此你應該能找到許多機會去和你愛的人一起創造歡笑和回憶。,獅子,http://www.go4134.com/26143242312133823458/1224-12306201575,12/23/2018,（週運）蘇珊米勒每周星座運程12.24-30,蘇珊米勒,5
本週，在跟伴侶或者搭檔溝通時會有誤會或者表述不清的狀況發生，因為海王星與水星成負相位。水星正窩在代表雙子座一對一關係的宮位，包括生意和朋友的，還有配偶。一向掌控細節的水星在射手座的時候容易迷失自我，且與海王成負相位則進一步造成誤會和信息的不實。作為雙子座作為雙子座，一向以智慧和溝通技巧著稱。若有人隱藏真相或信息，用你敏銳的直覺梳理清晰吧。,雙子,http://www.go4134.com/26143242312133823458/1224-12306201575,12/23/2018,（週運）蘇珊米勒每周星座運程12.24-30,蘇珊米勒,2
這個歡樂的季節裡，你可能會與家人經歷一些誤會，因為海王星正位於你的家庭宮，它會給射手座的水星發出讓人困惑的信號。當水星處理事實，細節和交流的時候，海王星更喜歡模糊的夢境領域。你可能會盡力清晰表達自己並發現有些親戚仍然不理解你，反之亦然。儘管天王星特別想混淆事實，但它也掌管我們的理想和想像力。專注在與所愛之人之間令人感到啟發的對話，而不是帶來困惑的那些時刻。,射手,http://www.go4134.com/26143242312133823458/1224-12306201575,12/23/2018,（週運）蘇珊米勒每周星座運程12.24-30,蘇珊米勒,1
本週，來自家庭成員的特殊禮物能幫你緩解財務焦慮，因為位於你財帛宮的金星，與位於你家庭宮的冥王星，構成了友好的相位。冥王星守護著力量以及他人的資源，所以這份禮物也許是一筆投資或者一份遺產。說的更明白一些，財帛宮與價值有關，包括你如何看待自己的價值。對金星與冥王星這一相位的另一種理解是，家庭成員會以特殊的方式看到並認可你，而這種方式會進一步支撐到你個人的自我價值。,天秤,http://www.go4134.com/26143242312133823458/1224-12306201575,12/23/2018,（週運）蘇珊米勒每周星座運程12.24-30,蘇珊米勒,4
在過去幾年裡，由於象徵蛻變的冥王星自從2008年起就一直在你的星座內運行，你可能已經歷了重大的變化。在這假日之際，在你那社區與友誼之宮內的愛之金星向冥王星送上親吻。雖然改變並不總是令人舒服，但金星的這個禮物提示你可以在這個節日里為你身邊的人騰出時間，與你的盟友和朋友一起度過舒適的夜晚，並找到樂趣。,摩羯,http://www.go4134.com/26143242312133823458/1224-12306201575,12/23/2018,（週運）蘇珊米勒每周星座運程12.24-30,蘇珊米勒,4
今年你可能會有一個很浪漫的聖誕假期，因為冥王星會和你的守護星金星在你的愛與關係宮形成一個醉人心脾的相位。冥王星能激發強烈的感情甚至深深的依戀。但冥王星和金星的聯繫很甜蜜。你要至少保證一隻腳踩在地面上，這樣能避免週一因為水星和海王星對抗產生的混亂。水星掌管著事實，海王星模糊了事實，所以你可能需要一副“矯正眼鏡”，這樣你才能在和親友談話的過程中，穿過層層迷霧看到真相。,金牛,http://www.go4134.com/26143242312133823458/1224-12306201575,12/23/2018,（週運）蘇珊米勒每周星座運程12.24-30,蘇珊米勒,1
本週將會與朋友們度過歡樂時光，那是因為冥王星坐鎮雙魚座友誼宮，並且與行運與旅行宮的金星交好。不管你是否與朋友計劃一同出遊還是在家中一起慶祝節日，這週都將留下令人難忘的回憶。就是注意別把半夜呼朋喚友的短信錯發到老闆那裡去，因為海王星與行運於事業宮的水星負相。你比平時更容易因通信或者技術願因犯迷糊。,雙魚,http://www.go4134.com/26143242312133823458/1224-12306201575,12/23/2018,（週運）蘇珊米勒每周星座運程12.24-30,蘇珊米勒,1
這週與伴侶和家人的交流有種迷幻的感覺，因為海王星在你星盤愛情宮與你的主星水星構成緊張相位，水星正位於你星盤家庭宮。雖然海王星意味著夢想和理想，但它也可能模糊了夢想和現實的界線，掌管溝通和細節的水星與海王星構成緊張相位，讓事實變得含糊不清，或因為說出來的話引發各種困惑。要記得每個人都受到這個星象的影響，最好對心愛的人們多加耐心，等下週迷霧散去再說。,處女,http://www.go4134.com/26143242312133823458/1224-12306201575,12/23/2018,（週運）蘇珊米勒每周星座運程12.24-30,蘇珊米勒,3
本週天蠍座魅力無可抵，因為行運於個性宮的金星與行運於溝通宮的冥王成吉相。冥王是天蠍座的守護星之一，以誘惑力與強烈著稱。代表美麗的金星的支持會讓你由內而外的魅力無窮。但是在盡情享受狂歡之時，有可能會開銷過度，因為行運於財宮的水星與海王成負相位。再付款之前一定要確認再三。特別要看清楚價格再買單。,天蠍,http://www.go4134.com/26143242312133823458/1224-12306201575,12/23/2018,（週運）蘇珊米勒每周星座運程12.24-30,蘇珊米勒,5
如果你要坐飛機出行度假，一定要再三檢查你的行程安排，因為海王星要對你長途旅行宮裡的水星發起挑戰。水星掌管著細節和當地通勤（包括飛機、火車和出租車），海王星代表著幻象世界和偶然的混亂。當水星和海王星產生分歧的時候，你很容易對細節產生誤解。在本週的末尾，代表愛和享受的金星會和冥王星形成一個讓人興奮的相位。無論你選擇用什麼方式過節，你都會發自內心地慶祝節日的到來。,白羊,http://www.go4134.com/26143242312133823458/1224-12306201575,12/23/2018,（週運）蘇珊米勒每周星座運程12.24-30,蘇珊米勒,1
你可能已經感受到了巨變，主要是因為兩顆行星在天蠍座逆行。金星于上月已經恢復順行了，所以當她重返有你各方各面都息息相關的宮位時，也包括外觀和身體，你會感受到金星更加貼心的一面。水星則會一直逆行到本週四，故溝通障礙或技術故障仍會發生。若上述情況都未發生，那就把各個文件仔細檢查檢查，水逆期仔細一點永遠不為過。,天蠍,http://www.go4134.com/26143242312133823458/123-1292271139,12/2/2018,（週運）蘇珊米勒每周星座運程,蘇珊米勒,1
本周行運於雙魚座的火星與行運於事業宮的太陽負相，你會遭遇職場挑戰。你甚至會眼巴巴的盼望著這週能趕緊過去。為了擺脫這種狀況，你得學會在日常生活中多安插些驚喜。雖然不能去做超越現實的事情，但組織一些常規性的聚會，還是可行的，比如約見朋友或者周來個週末桑拿，或者其他一些很容易就獲得的快樂，比如在泡澡的時候點上燭光或者吃點有機巧克力。,雙魚,http://www.go4134.com/26143242312133823458/123-1292271139,12/2/2018,（週運）蘇珊米勒每周星座運程,蘇珊米勒,4
本週私人和職場關係緊張。太陽行運於代表承諾的愛的位置，你很想多跟自己親愛的在一起，有伴或者已婚的雙子座，單身的，可能打算走出去邂逅新戀情。拜水星在工作宮逆行所賜，你可能會經歷電腦系統癱瘓或捲入他人的混亂。很有可能加班加點，這也是必須的。,雙子,http://www.go4134.com/26143242312133823458/123-1292271139,12/2/2018,（週運）蘇珊米勒每周星座運程,蘇珊米勒,1
隨著我們進入假日季，這也許促使你去整理下自己的財務狀況、或提供更多的保障。然而本周若你企圖超時工作或定下新的契約，也許會有什麼人或事阻礙著你。由於在你財帛宮內的火星與你社交宮內的太陽僵持，你的朋友們也許會提出與你本月開支預算不符的計劃，例如出去吃晚飯或喝雞尾酒。別羞於拒絕，或者也可以邀請他們一起共享餐食。,水瓶,http://www.go4134.com/26143242312133823458/123-1292271139,12/2/2018,（週運）蘇珊米勒每周星座運程,蘇珊米勒,4
是你發光的季節了，但是太陽與火星在你家庭宮內形成困難角度，你的注意力都在家裡的矛盾或困難上。要記得火星會帶出我們更好鬥的一面。你可能發現本週管住嘴巴是明智的，尤其是水星逆行期間一定會有誤解。木星也在射手座，你現在渾身振奮著能量，要找一個健康的出口，比如跑步或自由搏擊這種武術類的。,射手,http://www.go4134.com/26143242312133823458/123-1292271139,12/2/2018,（週運）蘇珊米勒每周星座運程,蘇珊米勒,1
這週由於金星和水星再度造訪你的家宅宮，也許你會呆在家中。尤其當獅子座的守護星與幸運的木星在你的子女和娛樂宮內相會，若你已有子女，你可能會花額外的時間與他們共處。也有另外種可能，那就是你會暫時停止社交，窩在家裡看自己喜歡的網劇或書籍。水星的逆行將持續至週四，因而你需要些低調的時間，本週將給你機會去抽離社交媒體，休養生息。,獅子,http://www.go4134.com/26143242312133823458/123-1292271139,12/2/2018,（週運）蘇珊米勒每周星座運程,蘇珊米勒,4
這又是一個你會發送大堆排版糟糕的EMAIL或在與朋友交談時覺得被誤解的一周。水星的逆行還會持續上幾天，且最近它回到了你的社交與社團宮內。最重要的是，在射手座內的太陽將與位於你有關短途旅行和交流宮內的火星角力。因此本週得謹慎些：早點出發赴約、校對你的EMAIL、最重要的還有留些時間給自己。,摩羯,http://www.go4134.com/26143242312133823458/123-1292271139,12/2/2018,（週運）蘇珊米勒每周星座運程,蘇珊米勒,1
由於你的守護星金星之前在財帛宮逆行，所以過去一段時間以來，你的財務方面可能處於被按在地上摩擦的狀態。金星在上個月重新恢復了順行，本週她又會重新回到你的財帛宮。當金星處於順行狀態的時候，她會更加慷慨，所以你可能會恢復開支，或者發現自己一直擁有的存款。但由於水星依舊在這一宮位逆行，故而在薪水或者網上銀行方面可能會出現延遲的狀況，但水星會在周四恢復順行，所以這種問題很快就會消除。,天秤,http://www.go4134.com/26143242312133823458/123-1292271139,12/2/2018,（週運）蘇珊米勒每周星座運程,蘇珊米勒,1
因為太陽點亮了你長途旅行的宮位，這個季節你可能患上了旅行癖。但是太陽和你的主星火星槓上了，可能阻止了你化希望為行動力。不止如此，水星也要逆行到週四，所以你可能選擇暫停旅行計劃一周來避免去機場路上的交通堵塞或火車晚點。木星未來一年都在射手座，我們都會嚐到做旅行蟲的感覺，你去冒險的機會很快就會到來啦。,白羊,http://www.go4134.com/26143242312133823458/123-1292271139,12/2/2018,（週運）蘇珊米勒每周星座運程,蘇珊米勒,1
人們都知道，處女座的人能力強、標準高。你的主星水星在你星盤溝通宮逆行，你可能遇到計劃出問題的情況。也許你因為電腦死機丟了重要文件，或弄丟了重要文稿的打印件。對自己寬容一些，你要記得，所有人類一定都有犯錯誤的時候。這才讓我們變得更有趣，而不是活成一個機器。而且金星最近也進入你星盤溝通宮，她總會有辦法解決這些問題的。,處女,http://www.go4134.com/26143242312133823458/123-1292271139,12/2/2018,（週運）蘇珊米勒每周星座運程,蘇珊米勒,4
本週你的愛情生活會收穫金星的祝福，因為它退行回到了你的關係宮內。金星本季大部分時間都在逆行，可能已經搞的你情緒疲勞，導致合夥關係，不論是戀情關係還是職業關係，出現了變動。現在它順行了，這股動盪要平靜下來了，而它會穿過你的愛情宮給你帶來甜蜜的禮物。雖然如此，水星還是會逆行到週四，所以你最好再等一周再約那個可愛的小伙兒或姑娘出來約會。,金牛,http://www.go4134.com/26143242312133823458/123-1292271139,12/2/2018,（週運）蘇珊米勒每周星座運程,蘇珊米勒,2
太陽與木星相合在你星盤工作宮，現在你的注意力都在工作上，不過你也擁有掌管愛的金星和逆行中的溝通之星水星，它們都在你星盤掌管創作表達、開心玩樂的第五宮，這一周你也要找到自己的快樂。你可能志願領銜一個團隊項目，表達你的原創思路和個性風格。或你可以和同事利用午休時間打打乒乓球，或來一次烘焙大賽。如果你給生活中多增加一些歡樂，日常責任也會給你更多滋養的感覺。,巨蟹,http://www.go4134.com/26143242312133823458/123-1292271139,12/2/2018,（週運）蘇珊米勒每周星座運程,蘇珊米勒,4
,,http://www.go4134.com/26143242312133823458/101-107,9/30/2018,【蘇珊米勒】每周星座運勢10.1–10.7,蘇珊米勒,1
