【蘇珊米勒】週末星座運勢12.22-12.23,4,4,1,4,2,2,1,5,2,4,5,5
【蘇珊米勒】每日星座運勢12.21,1,4,4,4,5,5,5,4,5,5,5,5
【蘇珊米勒】每日星座運勢12.20,5,3,5,4,4,5,5,5,4,1,4,5
【蘇珊米勒】每日星座運勢12.19,5,5,4,5,5,5,5,5,5,5,5,5
【蘇珊米勒】每日星座運勢12.18,4,4,5,4,4,2,5,4,1,1,4,4
【蘇珊米勒】每日星座運勢12.17,1,4,4,2,4,1,4,1,4,5,2,5
【蘇珊米勒】週末星座運勢12.15-12.16,1,4,4,3,4,5,4,1,1,1,3,4
【蘇珊米勒】每日星座運勢12.14,5,3,1,1,4,4,1,1,4,5,4,5
【蘇珊米勒】每日星座運勢12.12,5,4,3,4,1,4,4,5,4,1,4,4
【蘇珊米勒】每日星座運勢12.11,5,4,1,5,5,5,4,4,5,5,5,1
​【蘇珊米勒】每日星座運勢12.10,5,4,2,5,1,4,2,5,5,1,3,5
​【蘇珊米勒】週末星座運勢12.8-12.9,5,4,4,4,2,4,4,5,1,4,5,4
【蘇珊米勒】每日星座運勢12.7,1,5,1,5,5,5,4,2,1,5,4,5
【蘇珊米勒】每日星座運勢12.6,4,1,4,1,1,2,3,5,5,5,5,4
【蘇珊米勒】每日星座運勢12.5,5,4,4,1,5,1,5,1,5,2,5,1
【蘇珊米勒】每日星座運勢12.4,4,5,5,1,5,2,1,4,4,5,5,5
【蘇珊米勒】每日星座運勢12.3,3,3,2,4,4,4,1,4,4,2,5,4
​【蘇珊米勒】週末星座運勢12.1-12.2,3,5,1,2,5,1,4,1,2,5,4,3
​【蘇珊米勒】每日星座運勢11.30,2,5,5,5,3,1,3,4,5,1,4,2
【蘇珊米勒】每日星座運勢11.29,5,5,4,5,5,4,1,5,5,4,4,5
【蘇珊米勒】每日星座運勢11.28,1,4,4,5,4,4,1,2,3,5,4,2
【蘇珊米勒】每日星座運勢11.27,2,2,5,2,4,2,2,5,2,5,5,4
【蘇珊米勒】每日星座運勢11.26,4,2,2,3,5,4,5,4,1,2,5,5
【蘇珊米勒】週末星座運勢11.24-11.25,4,2,4,1,4,2,4,4,1,4,5,4
【蘇珊米勒】每日星座運勢11.23,2,4,5,2,1,5,4,1,1,3,5,1
【蘇珊米勒】每日星座運勢11.22,4,4,5,4,1,5,4,2,1,5,4,2
【蘇珊米勒】每日星座運勢11.20,5,4,5,4,2,2,2,2,3,4,4,5
【蘇珊米勒】每日星座運勢11.19,5,5,5,1,1,4,5,1,5,4,4,5
​【蘇珊米勒】週末星座運勢11.17-11.18,3,4,2,5,4,4,1,1,1,1,4,2
【蘇珊米勒】每日星座運勢11.16,3,1,4,5,4,1,5,3,5,1,4,1
【蘇珊米勒】每日星座運勢11.15,4,4,4,1,4,4,5,1,4,1,4,5
【蘇珊米勒】每日星座運勢11.14,4,5,3,1,4,4,5,5,5,3,5,4
【蘇珊米勒】每日星座運勢11.13,2,4,4,1,1,4,5,5,2,4,1,5
【蘇珊米勒】每日星座運勢11.12,5,4,4,5,5,1,5,5,5,4,5,4
【蘇珊米勒】週末星座運勢11.10-11.11,4,4,4,4,4,4,5,1,4,3,4,4
【蘇珊米勒】每日星座運勢11.9,3,4,1,2,4,1,3,2,1,5,4,1
【蘇珊米勒】每日星座運勢11.8,3,4,1,4,3,4,4,4,4,5,4,4
【蘇珊米勒】每日星座運勢11.7,5,3,1,4,2,1,4,4,1,4,5,1
【蘇珊米勒】每日星座運勢11.6,4,1,5,5,4,4,1,1,4,4,1,4
【蘇珊米勒】每日星座運勢11.5,5,3,4,2,5,4,2,2,5,4,3,5
【蘇珊米勒】週末星座運勢11.3-11.4,4,3,2,4,1,2,2,4,4,4,2,4
【蘇珊米勒】每日星座運勢11.2,5,4,4,4,1,4,4,4,4,5,5,5
【蘇珊米勒】每日星座運勢11.1,4,1,5,1,1,5,4,4,5,4,5,5
---------------------------【蘇珊米勒】每日星座運勢10.31,5,5,4,4,1,4,1,4,5,2,5,5
【蘇珊米勒】每日星座運勢10.30,5,5,4,1,5,4,4,4,5,1,5,4
【蘇珊米勒】每日星座運勢10.29,4,5,1,4,4,5,5,5,4,4,5,5
【蘇珊米勒】週末星座運勢10.27-10.28,5,4,1,4,5,5,5,5,3,5,5,4
【蘇珊米勒】每日星座運勢10.26,1,4,1,5,5,1,5,5,1,2,5,4
​【蘇珊米勒】每日星座運勢10.25,5,4,1,4,5,1,5,5,5,4,5,3
【蘇珊米勒】每日星座運勢10.24,5,2,2,5,1,4,5,5,5,4,4,5
【蘇珊米勒】每日星座運勢10.23,1,3,5,5,4,5,5,2,3,4,3,1
【蘇珊米勒】每日星座運勢10.22,5,4,1,5,4,5,5,2,3,5,5,5
【蘇珊米勒】週末星座運勢10.20-10.21,4,4,4,5,2,5,1,5,4,5,2,4
【蘇珊米勒】每日星座運勢10.19,5,4,4,5,5,4,4,2,4,5,3,4
【蘇珊米勒】每日星座運勢10.18,5,1,1,5,4,5,4,5,5,5,5,5
【蘇珊米勒】每日星座運勢10.16,2,1,5,5,5,5,5,5,2,5,5,4
​【蘇珊米勒】每日星座運勢10.15,4,4,2,1,3,5,4,5,4,2,4,1
【蘇珊米勒】週末星座運勢10.13-10.14,5,1,1,1,2,2,4,2,2,4,2,2
​【蘇珊米勒】每日星座運勢10.12,1,4,1,4,4,5,4,5,4,4,5,5
【蘇珊米勒】每日星座運勢10.11,1,4,2,1,5,4,1,4,4,1,4,3
【蘇珊米勒】每日星座運勢10.10,1,4,4,5,5,5,1,5,5,5,5,1
【蘇珊米勒】每日星座運勢10.09,4,1,1,1,2,4,2,4,5,1,5,4
【蘇珊米勒】每日星座運勢10.08,5,4,5,4,1,5,3,5,5,5,4,4
【蘇珊米勒】週末星座運勢10.6-10.7,1,5,5,4,5,1,2,1,5,5,3,5
【蘇珊米勒】每日星座運勢10.05,5,4,1,1,5,2,5,1,4,1,3,4
​【蘇珊米勒】每日星座運勢10.04,4,4,1,5,4,4,5,1,5,2,4,5
​【蘇珊米勒】每日星座運勢10.03,5,4,4,5,5,1,5,5,5,1,5,5
​【蘇珊米勒】每日星座運勢10.01,4,4,3,2,4,4,2,5,4,5,3,3
【蘇珊米勒】週末星座運勢9.29-9.30,5,4,4,4,5,4,5,4,4,5,3,1
​【蘇珊米勒】每日星座運勢9.28,4,4,4,4,4,1,5,1,4,4,5,5
【蘇珊米勒】每日星座運勢9.27,4,5,5,5,4,5,4,1,5,5,5,5
​【蘇珊米勒】每日星座運勢9.26,4,4,5,1,1,4,1,1,5,4,1,5
【蘇珊米勒】每日星座運勢9.25,5,5,5,4,1,4,5,4,5,5,4,4
​【蘇珊米勒】每日星座運勢9.24,4,2,4,4,5,2,1,4,2,4,4,5
【蘇珊米勒】週末星座運勢9.22-9.23,5,1,4,4,1,4,1,4,5,5,1,5
【蘇珊米勒】每日星座運勢9.21,5,1,3,5,4,4,2,1,5,5,4,4
【蘇珊米勒】每日星座運勢9.20,4,1,1,5,2,5,1,5,4,4,5,4
​【蘇珊米勒】每日星座運勢9.18,5,4,4,4,5,4,5,4,5,5,3,4
​【蘇珊米勒】每日星座運勢9.17,1,3,1,4,4,1,4,1,1,2,2,1
​【蘇珊米勒】週末星座運勢9.15-9.16,5,4,4,5,5,1,4,5,1,4,3,4
【蘇珊米勒】每日星座運勢9.14,4,1,5,5,5,4,5,4,5,5,1,4
​【蘇珊米勒】每日星座運勢9.13,5,5,4,4,5,3,2,1,2,1,4,2
【蘇珊米勒】每日星座運勢9.12,4,3,2,4,1,4,5,4,5,4,5,5
【蘇珊米勒】每日星座運勢9.11,1,1,4,5,5,5,1,4,4,1,1,5
【蘇珊米勒】每日星座運勢9.10,1,5,5,1,4,1,5,4,4,4,4,1
【蘇珊米勒】週末星座運勢9.8-9.9,3,1,5,4,5,4,1,5,1,5,5,4
【蘇珊米勒】每日星座運勢9.7,5,1,3,4,1,5,2,5,5,4,2,1
​【蘇珊米勒】每日星座運勢9.6,5,5,4,1,5,1,3,2,5,2,5,5
​【蘇珊米勒】每日星座運勢9.5,4,4,5,5,4,1,2,5,4,1,1,5
​【蘇珊米勒】每日星座運勢9.4,4,5,1,4,4,4,4,4,4,4,5,5
​【蘇珊米勒】每日星座運勢9.3,5,4,4,5,4,5,5,4,1,4,4,5
【蘇珊米勒】週末星座運勢9.1-9.2,4,5,4,1,5,4,1,4,1,5,4,5
​【蘇珊米勒】每日星座運勢8.31,1,3,4,4,4,5,4,4,5,4,1,2
【蘇珊米勒】每日星座運勢8.30,3,1,1,5,4,4,4,5,5,1,4,5
【蘇珊米勒】每日星座運勢8.29,4,4,5,1,1,5,2,1,5,5,4,5
​【蘇珊米勒】每日星座運勢8.28,1,1,5,1,5,4,1,1,1,5,5,4
【蘇珊米勒】每日星座運勢8.27,4,5,3,1,3,5,5,5,2,5,1,1
【蘇珊米勒】週末星座運勢8.25-8.26,5,4,1,5,5,5,4,3,5,5,1,5
【蘇珊米勒】每日星座運勢8.24,5,5,4,4,1,5,4,4,5,5,5,5
​【蘇珊米勒】每日星座運勢8.23,5,4,4,5,4,5,5,5,4,5,5,5
​【蘇珊米勒】每日星座運勢8.22,4,5,5,5,5,1,4,5,1,4,5,1
【蘇珊米勒】每日星座運勢8.21,5,4,1,4,4,4,4,4,1,4,4,4
【蘇珊米勒】每日星座運勢8.20,5,4,5,5,5,1,1,1,4,1,1,5
​【蘇珊米勒】週末星座運勢8.18-8.19,2,2,5,3,2,4,2,4,2,2,1,1
【蘇珊米勒】每日星座運勢8.17,5,4,5,4,1,4,2,4,5,5,1,1
【蘇珊米勒】每日星座運勢16,4,3,5,5,1,4,5,2,5,4,3,2
【蘇珊米勒】每日星座運勢15,3,4,4,2,3,1,4,1,2,2,2,1
【蘇珊米勒】每日星座運勢14,1,4,1,4,5,5,4,4,5,5,1,5
【蘇珊米勒】週末星座運勢8.11-8.12,4,5,1,5,5,1,5,5,4,4,5,1
【蘇珊米勒】每日星座運勢8.10,5,2,5,5,4,5,4,2,1,5,4,4
​【蘇珊米勒】每日星座運勢8.9.,5,2,1,5,5,5,4,4,5,4,4,5
【蘇珊米勒】每日星座運勢8.8,5,1,1,4,2,4,4,5,4,5,4,1
【蘇珊米勒】每日星座運勢8.7,5,3,2,5,3,2,5,4,4,3,4,1
​【蘇珊米勒】週末星座運勢8.4-8.5,3,5,4,2,2,5,2,1,1,5,2,4
【蘇珊米勒】每日星座運勢8.3,5,4,4,4,4,4,5,5,3,4,5,1
【蘇珊米勒】每日星座運8.2,1,4,5,2,2,3,1,2,2,2,5,5
​【蘇珊米勒】每日星座運勢8.1,1,1,1,4,4,1,5,3,4,5,1,3
​【蘇珊米勒】每日星座運勢7.31,5,1,4,4,5,1,4,1,1,5,4,1
​【蘇珊米勒】每日星座運勢7.30,4,1,1,4,3,3,2,2,1,1,4,4
【蘇珊米勒】週末星座運勢7.28-07.29,5,3,1,1,5,4,5,5,5,1,1,5
​【蘇珊米勒】每日星座運勢7.27,5,5,1,4,5,1,1,1,1,4,4,1
​【蘇珊米勒】每日星座運勢7.26,1,1,4,1,1,1,5,5,4,1,5,5
​【蘇珊米勒】每日星座運勢7.25,5,4,5,1,5,1,3,2,4,1,4,1
【蘇珊米勒】每日星座運勢7.24,1,4,1,5,5,3,2,1,1,1,5,1
【蘇珊米勒】每日星座運勢7.23,3,5,5,4,5,5,4,5,5,5,1,5
【蘇珊米勒】週末星座運勢7.21-07.22,4,5,4,5,5,5,4,4,5,4,5,5
【蘇珊米勒】每日星座運勢7.20,5,3,4,4,4,5,3,5,1,4,5,4
【蘇珊米勒】每日星座運勢7.19,4,1,4,5,4,4,4,1,5,5,1,4
​【蘇珊米勒】每日星座運勢7.18,4,2,5,5,5,5,5,5,5,4,5,5
【蘇珊米勒】每日星座運勢7.17,5,1,4,4,1,4,1,4,1,4,1,5
​【蘇珊米勒】每日星座運勢7.16,3,1,2,1,2,4,1,5,5,4,4,1
​【蘇珊米勒】週末星座運勢7.14-07.15,1,5,4,4,5,4,1,4,5,3,4,5
【蘇珊米勒】每日星座運勢7.13,1,1,5,5,4,4,4,1,5,5,3,4
【蘇珊米勒】每日星座運勢7.12,4,1,5,1,1,5,5,3,4,5,1,3
【蘇珊米勒】每日星座運勢7.11,5,5,5,5,5,4,4,5,5,5,4,4
​【蘇珊米勒】每日星座運勢7.10,5,5,5,5,4,4,5,5,5,4,5,4
【蘇珊米勒】每日星座運勢7.9,5,4,4,5,5,5,4,5,4,4,5,5
【蘇珊米勒】週末星座運勢7.7-07.08,5,1,4,5,5,5,5,5,4,1,4,3
【蘇珊米勒】每日星座運勢7.2,4,1,4,4,4,4,1,3,4,1,4,2
【蘇珊米勒】每日星座運勢6.27,5,1,5,2,2,5,5,4,2,1,4,4
【蘇珊米勒】每日星座運勢6.26,4,4,5,2,1,1,1,2,5,2,2,3
【蘇珊米勒】每日星座運勢6.22,5,4,1,5,1,5,4,5,1,4,4,5
【蘇珊米勒】每日星座運勢6.21,5,4,5,1,5,5,5,2,1,3,5,1
【蘇珊米勒】每日星座運勢6.20,2,4,5,4,4,5,5,4,4,5,3,4
【蘇珊米勒】每日星座運勢6.19,1,4,4,4,5,5,4,4,5,5,5,1
【蘇珊米勒】每日星座運勢6.18,1,5,2,5,5,1,5,1,5,3,4,5
【蘇珊米勒】週末星座運勢6.16-6.17,5,1,1,1,1,1,1,3,1,1,1,1
【蘇珊米勒】每日星座運勢6.15,2,5,1,2,1,4,2,4,3,5,2,5
【蘇珊米勒】每日星座運勢6.14,5,1,4,4,5,1,5,5,5,1,1,1
【蘇珊米勒】每日星座運勢6.13,4,5,5,5,4,4,5,4,3,3,5,4
【蘇珊米勒】每日星座運勢6.12,5,5,2,5,4,5,1,5,5,4,5,4
​【蘇珊米勒】每日星座運勢6.11,1,2,1,1,1,5,5,4,4,1,5,4
【蘇珊米勒】週末星座運勢6.9-6.10,1,1,5,1,3,5,5,4,5,5,4,4
【蘇珊米勒】每日星座運勢6.8,3,4,5,5,1,4,1,4,2,4,5,4
【蘇珊米勒】每日星座運勢6.7,1,4,4,5,5,5,1,4,4,2,5,2
​【蘇珊米勒】每日星座運勢6.6,5,4,4,4,5,1,4,2,4,1,5,2
【蘇珊米勒】每日星座運勢6.5,5,5,5,4,4,4,1,4,5,4,1,4
【蘇珊米勒】每日星座運勢6.4,5,4,5,4,5,5,4,5,5,4,5,5
​【蘇珊米勒】週末星座運勢6.2-6.3,4,5,5,1,4,4,5,5,5,3,4,1
【蘇珊米勒】每日星座運勢6.1,4,1,4,1,4,5,5,5,5,4,5,1
【蘇珊米勒】每日星座運勢5.31,1,5,4,2,5,5,5,1,4,5,5,5
​【蘇珊米勒】每日星座運勢5.30,4,5,5,4,5,5,5,4,5,1,5,4
​【蘇珊米勒】每日星座運勢5.29,4,4,5,4,1,5,5,5,4,5,5,4
【蘇珊米勒】每日星座運勢5.28,1,5,4,4,1,4,1,5,1,4,1,4
【蘇珊米勒】週末星座運勢5.26-5.27,4,5,4,5,5,1,2,1,5,5,4,5
【蘇珊米勒】每日星座運勢5.25,4,5,4,5,5,5,5,4,5,1,2,1
【蘇珊米勒】每日星座運勢5.24,5,5,5,5,5,5,5,5,4,4,5,1
【蘇珊米勒】每日星座運勢5.23,4,4,4,1,4,5,4,2,1,4,1,5
【蘇珊米勒】每日星座運勢5.22,1,1,5,5,5,4,1,4,4,5,5,1
【蘇珊米勒】每日星座運勢5.21,4,5,5,5,5,4,4,2,5,4,5,4
​【蘇珊米勒】週末星座運勢5.19-5.20,4,5,2,5,5,5,1,5,5,5,1,1
【蘇珊米勒】每日星座運勢5.18,5,5,5,5,5,5,1,3,4,4,4,5
​【蘇珊米勒】每日星座運勢5.17,5,4,1,1,1,4,5,5,4,4,5,3
​【蘇珊米勒】每日星座運勢5.16,4,1,4,3,2,2,1,4,1,1,3,4
​【蘇珊米勒】每日星座運勢5.15,4,5,1,5,5,1,1,5,1,1,4,1
【蘇珊米勒】每日星座運勢5.14,1,1,4,1,1,1,1,4,1,4,4,4
​【蘇珊米勒】週末星座運勢5.12-5.13,5,1,4,4,4,2,2,3,4,2,5,5
【蘇珊米勒】每日星座運勢5.11,5,1,4,4,5,1,5,1,4,5,2,5
​【蘇珊米勒】每日星座運勢5.10,5,4,4,5,5,4,5,4,5,4,4,4
【蘇珊米勒】每日星座運勢5.9,5,1,5,2,4,1,4,3,5,4,4,1
​【蘇珊米勒】每日星座運勢5.8,5,5,1,2,5,2,5,1,2,5,5,4
【蘇珊米勒】每日星座運勢5.7,5,4,4,3,4,5,2,5,5,3,4,5
【蘇珊米勒】週末星座運勢5.5-5.6,5,4,5,4,1,4,5,5,4,4,4,4
【蘇珊米勒】每日星座運勢5.4,1,5,1,1,1,4,1,5,5,5,4,5
【蘇珊米勒】每日星座運勢5.3,4,4,5,5,1,2,5,1,4,5,5,4
【蘇珊米勒】每日星座運勢5.2,1,5,5,5,4,5,4,4,1,4,5,5
【蘇珊米勒】每日星座運勢5.1,1,1,1,5,1,4,5,1,4,2,1,2
​【蘇珊米勒】每日星座運勢4.30,1,4,5,2,5,5,1,1,5,4,1,3
【蘇珊米勒】週末星座運勢4.28-4.29,5,5,5,1,4,5,1,5,1,2,1,5
【蘇珊米勒】每日星座運勢4.27,4,4,5,5,5,5,1,1,4,4,5,5
【蘇珊米勒】每日星座運勢4.26,5,4,5,4,2,5,1,1,1,4,5,4
【蘇珊米勒】每日星座運勢4.25,5,4,4,4,3,5,1,4,5,4,2,5
【蘇珊米勒】每日星座運勢4.24,5,5,5,4,5,4,5,5,1,3,5,4
​【蘇珊米勒】每日星座運勢4.23,4,1,1,5,5,5,4,4,5,5,5,1
【蘇珊米勒】週末星座運勢4.21-4.22,4,4,4,1,1,3,4,4,5,4,2,2
【蘇珊米勒】每日星座運勢4.20,4,5,4,1,4,1,2,5,1,4,2,4
【蘇珊米勒】每日星座運勢4.19,5,1,1,4,4,4,5,1,5,5,1,1
【蘇珊米勒】每日星座運勢4.18,4,1,4,5,4,1,5,2,4,2,1,5
【蘇珊米勒】每日星座運勢4.17,3,1,4,2,5,5,1,3,4,1,1,5
【蘇珊米勒】每日星座運勢4.16,5,5,1,5,2,5,5,5,4,5,5,5
【蘇珊米勒】周末星座運勢4.14-4.15,3,5,4,1,5,5,4,5,5,4,1,5
【蘇珊米勒】每日星座運勢4.13,5,5,5,5,5,2,5,1,5,4,4,5
【蘇珊米勒】每日星座運勢4.12,5,4,5,5,1,1,5,5,5,3,5,5
【蘇珊米勒】每日星座運勢4.11,5,5,5,1,1,1,5,5,1,1,3,5
【蘇珊米勒】每日星座運勢4.10,4,5,5,1,4,5,4,5,4,3,1,5
【蘇珊米勒】每日星座運勢4.9,5,4,5,5,5,5,1,5,1,4,1,1
​【蘇珊米勒】每日星座運勢4.6,1,4,4,3,5,1,2,5,5,4,2,4
​【蘇珊米勒】每日星座運勢4.5,2,4,2,4,4,3,3,2,4,4,4,3
【蘇珊米勒】每日星座運勢4.4,1,1,5,1,4,5,3,3,2,2,5,4
【蘇珊米勒】每日星座運勢4.3,5,5,4,1,2,4,3,5,1,2,4,5
​【蘇珊米勒】週末星座運勢3.31-4.1,2,1,4,4,4,5,1,4,4,5,1,5
【蘇珊米勒】每日星座運勢3.30,5,5,5,1,5,5,4,3,1,4,2,1
​【蘇珊米勒】每日星座運勢3.29,3,2,5,3,4,5,4,1,5,5,5,5
​【蘇珊米勒】每日星座運勢3.28,4,4,5,5,4,5,3,1,5,4,1,5
​【蘇珊米勒】每日星座運勢3.27,5,5,1,5,2,5,5,5,4,5,5,5
​【蘇珊米勒】每日星座運勢3.26,4,4,5,5,5,5,5,4,1,5,4,5
​【蘇珊米勒】週末星座運勢3.24-3.25,5,5,5,5,4,5,5,5,1,5,5,5
【蘇珊米勒】每日星座運勢3.23,3,4,3,2,1,5,3,2,4,5,5,5
【蘇珊米勒】每日星座運勢3.22,1,1,5,2,2,2,1,5,1,2,1,5
​【蘇珊米勒】每日星座運勢3.21,5,1,4,4,4,1,1,5,5,5,1,5
【蘇珊米勒】每日星座運勢3.20,3,2,4,1,4,4,4,4,3,4,4,4
​【蘇珊米勒】每日星座運勢3.19,4,4,4,1,4,5,1,5,5,5,4,5
【蘇珊米勒】週末運勢3.17-3.18,5,5,5,2,4,4,2,5,5,4,4,5
【蘇珊米勒】每日星座運勢3.16,5,4,5,4,4,4,4,1,1,4,5,2
【蘇珊米勒】每日星座運勢3.15,1,5,5,5,1,4,5,1,4,1,5,4
​【蘇珊米勒】每日星座運勢3.14,5,5,4,1,4,4,5,1,4,4,4,5
​【蘇珊米勒】每日星座運勢3.13,4,5,5,5,5,4,5,5,5,5,5,4
【蘇珊米勒】每日星座運勢3.12,5,5,4,5,3,4,1,5,5,5,5,4
​【蘇珊米勒】週末星座運勢3.10-3.11,5,4,1,5,1,5,1,5,1,1,4,4
【蘇珊米勒】每日星座運勢3.09,4,5,1,5,2,1,4,5,1,1,5,4
​【蘇珊米勒】每日星座運勢3.08,3,4,5,5,3,5,5,4,5,5,5,1
【蘇珊米勒】每日星座運勢3.07,5,5,4,5,4,4,4,4,5,5,1,5
【蘇珊米勒】每日星座運勢3.06,5,4,5,4,1,4,5,5,4,4,4,4
【蘇珊米勒】每日星座運勢03.05,5,4,5,2,4,4,5,5,5,4,5,4
​【蘇珊米勒】週末星座運勢03.03-04,5,5,5,5,1,4,4,4,1,1,5,5
​【蘇珊米勒】每日星座運勢03.01,1,4,1,5,2,4,1,5,2,3,4,4
【蘇珊米勒】每日星座運勢02.28,3,4,2,5,5,5,5,5,4,2,5,5
【蘇珊米勒】每日星座運勢02.27,4,4,1,5,1,5,5,4,1,4,4,4
【蘇珊米勒】每日星座運勢02.26,4,5,1,4,3,2,5,5,2,5,2,5
【蘇珊米勒】週末星座運勢2.24-25,1,4,5,5,1,5,5,5,5,4,5,1
【蘇珊米勒】每日星座運勢2.23,1,5,5,5,4,5,5,5,5,4,5,5
​【蘇珊米勒】每日星座運勢2.22,4,4,4,5,4,5,5,1,4,4,1,3
【蘇珊米勒】每日星座運勢2.21,4,4,5,5,5,5,5,4,1,5,4,5
【蘇珊米勒】每日星座運勢2.20,4,4,4,5,4,5,5,1,4,4,1,3
"【蘇珊米勒】周末星座運勢2.17-2.18
​",5,4,2,5,5,4,5,5,4,5,5,4
"【蘇珊米勒】每日星座運勢2.16
​",4,1,1,4,5,4,4,1,5,5,2,4
【蘇珊米勒】每日星座運勢2.15,4,5,5,4,5,4,4,4,1,5,5,4
【蘇珊米勒】每日星座運勢2.14,1,5,5,4,2,5,4,1,4,1,1,4
【蘇珊米勒】每日星座運勢2.13,4,4,5,1,4,1,5,1,5,3,5,5
"【蘇珊米勒】每日星座運勢2.12
​",4,3,3,3,5,1,1,5,3,5,1,1
【蘇珊米勒】週末星座運勢2.10-2.11,5,5,5,4,5,4,5,5,5,1,4,5
【蘇珊米勒】每日星座運勢2.9,4,5,5,4,4,5,5,4,4,5,5,5
【蘇珊米勒】每日星座運勢2.8,5,4,4,5,4,2,1,4,5,5,1,3
【蘇珊米勒】每日星座運勢2.7,4,5,4,5,4,4,1,4,5,4,5,5
【蘇珊米勒】每日星座運勢2.6,5,5,5,5,5,5,5,5,1,5,5,5
​【蘇珊米勒】每日星座運勢1.31,5,2,4,5,1,1,5,5,4,5,4,1
​【蘇珊米勒】每日星座運勢1.30,5,4,4,5,5,1,2,4,2,3,4,4
【蘇珊米勒】周末星座運勢1.27~1.28,4,1,1,4,1,4,4,4,5,4,4,3
【蘇珊米勒】每日星座運勢1.26,4,4,4,1,5,4,5,4,1,1,4,5
【蘇珊米勒】每日星座運勢1.25,3,4,1,4,4,5,5,4,5,4,5,4
【蘇珊米勒】每日星座運勢1.24,5,5,1,1,4,5,5,5,5,1,4,5
【蘇珊米勒】每日星座運勢1.23,5,5,5,5,1,5,5,5,4,5,5,1
【蘇珊米勒】每日星座運勢1.22,5,4,3,4,4,4,4,4,5,1,5,1
【蘇珊米勒】週末星座運勢1.20-21,4,5,1,5,5,5,5,5,5,5,5,3
​【蘇珊米勒】每日星座運勢1.19,5,5,5,5,5,4,4,5,4,5,5,1
【蘇珊米勒】每日星座運勢1.18,5,5,5,5,5,4,4,1,4,5,5,1
【蘇珊米勒】每日星座運勢1.17,5,5,4,5,5,5,5,2,2,4,5,4
【蘇珊米勒】每日星座運勢1.16,5,5,5,1,4,4,5,5,1,5,1,5
"【蘇珊米勒】每日星座運勢1.15
​",5,5,1,1,5,1,5,4,3,4,5,4
【蘇珊米勒】周末星座運程1.13-1.14,5,5,4,5,1,4,2,1,1,4,1,4
【蘇珊米勒】每日星座運勢1.12,5,5,4,4,1,4,1,5,4,4,1,3
【蘇珊米勒】每日星座運勢1.11,1,4,1,4,4,4,1,1,4,5,1,4
【蘇珊米勒】每日星座運勢1.10,4,4,4,2,1,4,5,5,2,5,4,4
【蘇珊米勒】每日星座運勢1.9,5,5,4,5,1,1,1,5,5,4,4,5
【蘇珊米勒】每日星座運勢1.8,5,4,5,1,2,1,4,5,5,5,5,4
​【蘇珊米勒】周末星座運勢1.6-1.7,4,4,5,2,5,4,2,5,5,5,5,4
【蘇珊米勒】每日星座運勢1.5,5,4,1,4,1,5,1,4,4,5,1,4
【蘇珊米勒】每日星座運勢1.4,5,4,5,1,5,4,2,4,5,4,1,4
【蘇珊米勒】每日運勢1.1,5,1,1,2,4,4,1,4,4,5,3,3
【蘇珊米勒】周末運勢12.30-12.31,1,5,4,1,4,1,4,5,1,5,4,5
【蘇珊米勒】每日運勢12.29,5,4,5,1,1,5,5,5,1,5,4,5
【蘇珊米勒】每日運勢12.28,1,5,5,3,2,2,5,5,4,4,5,4
【蘇珊米勒】每日運勢12.27,4,5,4,4,2,4,5,1,1,1,4,4
【蘇珊米勒】每日運勢12.26,5,1,1,1,4,5,5,1,4,5,5,5
【蘇珊米勒】每日星座運勢12.25,4,3,4,1,4,5,5,4,4,5,5,3
【蘇珊米勒】周末星座運勢12.23-12.24,5,5,4,5,1,4,4,5,4,4,4,2
【蘇珊米勒】每日星座運勢12.22,4,3,5,5,5,2,4,2,4,1,4,1
【蘇珊米勒】每日星座運勢12.21,5,4,1,5,1,1,1,5,5,1,1,5
【蘇珊米勒】每日星座運勢12.20,4,4,5,4,5,5,5,5,3,2,5,1
​【蘇珊米勒】每日星座運勢12.19,2,5,4,4,1,4,1,5,5,1,5,4
【蘇珊米勒】每日星座運勢12.18,4,3,4,4,4,1,1,5,5,5,3,4
【蘇珊米勒】周末星座運勢12.16-12.17,1,4,5,1,3,4,4,4,2,1,1,5
【蘇珊米勒】每日星座運勢12.15,4,1,1,1,4,5,4,4,5,5,5,5
【蘇珊米勒】每日星座運勢12.14,5,3,5,4,1,1,5,1,4,2,5,5
【蘇珊米勒】每日星座運勢12.13,3,1,4,3,5,1,4,5,4,4,4,4
