【唐綺陽】週末星座運勢12.22-12.23,▎白羊,▎獅子,▎天秤,▎雙子,▎處女,▎魔羯,▎金牛,▎射手,▎天蠍,▎雙魚,▎巨蟹,▎水瓶
【唐綺陽】每日星座運勢12.21,▎金牛,▎獅子,▎處女,▎白羊,▎巨蟹,▎雙魚,▎天蠍,▎魔羯,▎射手,▎水瓶,▎雙子,▎天秤
【唐綺陽】每日星座運勢12.20,▎雙子,▎獅子,▎天蠍,▎白羊,▎處女,▎雙魚,▎巨蟹,▎魔羯,▎射手,▎水瓶,▎金牛,▎天秤
【唐綺陽】每日星座運勢12.19,▎白羊,▎金牛,▎雙子,▎獅子,▎處女,▎天蠍,▎巨蟹,▎雙魚,▎天秤,​▎魔羯,▎射手
【唐綺陽】每日星座運勢12.18,▎白羊,▎天秤,▎射手,▎巨蟹,▎獅子,▎水瓶,▎雙子,▎天蠍,▎處女,▎雙魚,▎金牛,▎魔羯
【唐綺陽】每日星座運勢12.17,▎巨蟹,▎處女,▎魔羯,▎金牛,▎天蠍,▎雙魚,▎白羊,▎獅子,▎天秤,▎射手,▎雙子,▎水瓶
【唐綺陽】週末星座運勢12.15-12.16,▎巨蟹,▎天蠍,▎雙魚,▎處女,▎魔羯,▎水瓶,▎獅子,▎射手,▎雙子,▎天秤,▎白羊,▎金牛
【唐綺陽】每日星座運勢12.14,▎金牛,▎雙子,▎處女,▎白羊,▎天秤,▎水瓶,▎魔羯,▎雙魚,▎巨蟹,▎獅子,▎天蠍,▎射手
【唐綺陽】每日星座運勢12.13,▎雙子,▎天秤,▎水瓶,▎獅子,▎處女,▎天蠍,▎魔羯,▎雙魚,▎巨蟹,▎射手,▎白羊,▎金牛
【唐綺陽】每日星座運勢12.12,▎獅子,▎天秤,▎水瓶,▎金牛,▎巨蟹,▎處女,▎雙子,▎天蠍,▎白羊,▎雙魚,▎射手,▎魔羯
【唐綺陽】每日星座運勢12.11,獅子,天秤,天蠍,巨蟹,射手,魔羯,水瓶,雙魚,金牛,雙子,白羊,處女
【唐綺陽】每日星座運勢12.10,▎處女,▎天蠍,▎魔羯,▎白羊,▎雙子,▎獅子,▎巨蟹,▎天秤,▎金牛,▎水瓶,▎射手,▎雙魚
【唐綺陽】週末星座運勢12.8-12.9,▎白羊,▎雙子,▎魔羯,▎巨蟹,▎獅子,▎天秤,▎水瓶,▎雙魚,▎處女,▎射手,▎金牛,▎天蠍
【唐綺陽】每日星座運勢12.7,▎獅子,▎射手,▎雙魚,▎處女,▎天蠍,▎水瓶,▎白羊,▎魔羯,▎金牛,▎天秤,▎雙子,▎巨蟹
【唐綺陽】每日星座運勢12.6,▎金牛,▎雙子,▎水瓶,▎巨蟹,▎處女,▎天蠍,▎天秤,▎射手,▎白羊,▎獅子,▎魔羯,▎雙魚
【唐綺陽】每日星座運勢12.5,▎雙子,▎處女,▎雙魚,▎金牛,▎獅子,▎射手,▎巨蟹,▎魔羯,▎白羊,▎水瓶,▎天秤,▎天蠍
【唐綺陽】每日星座運勢12.4,▎金牛,▎雙子,▎天秤,▎白羊,▎處女,▎魔羯,▎巨蟹,▎天蠍,▎獅子,▎水瓶,▎射手,▎雙魚
【唐綺陽】每日星座運勢12.3,▎白羊,▎雙子,▎射手,▎獅子,▎天秤,▎魔羯,▎處女,▎天蠍,▎金牛,▎水瓶,▎巨蟹,▎雙魚
【唐綺陽】週末星座運勢12.1-12.2,▎巨蟹,▎天秤,▎射手,▎金牛,▎天蠍,▎水瓶,▎白羊,▎處女,▎雙子,▎雙魚,▎獅子,▎魔羯
【唐綺陽】每日星座運勢11.30,▎處女,▎天秤,▎魔羯,▎白羊,▎獅子,▎雙魚,▎雙子,▎巨蟹,▎天蠍,▎水瓶,▎金牛,▎射手
【唐綺陽】每日星座運勢11.29,▎雙子,▎魔羯,▎水瓶,▎巨蟹,▎處女,▎天秤,▎白羊,▎金牛,▎射手,▎雙魚,▎獅子,▎天蠍
​【唐綺陽】每日星座運勢11.28,▎白羊,▎處女,▎天秤,▎金牛,▎雙子,▎巨蟹,▎天蠍,▎魔羯,▎獅子,▎雙魚,▎射手,▎水瓶
【唐綺陽】每日星座運勢11.27,▎白羊,▎金牛,▎獅子,▎天蠍,▎水瓶,▎雙魚,▎巨蟹,▎射手,▎雙子,▎處女,▎天秤,▎魔羯
【唐綺陽】每日星座運勢11.26,▎獅子,▎天秤,▎射手,▎金牛,▎雙子,▎魔羯,▎水瓶,▎雙魚,▎白羊,▎天蠍,▎巨蟹,▎處女
【唐綺陽】週末星座運勢11.24-11.25,▎金牛,▎巨蟹,▎處女,▎射手,▎水瓶,▎雙魚,▎雙子,▎天秤,▎白羊,▎天蠍,▎獅子,▎魔羯
【唐綺陽】每日星座運勢11.23,▎金牛,▎獅子,▎天秤,▎巨蟹,▎處女,▎水瓶,▎白羊,▎雙子,▎天蠍,▎射手,▎魔羯,▎雙魚
【唐綺陽】每日星座運勢11.22,▎雙子,▎魔羯,▎水瓶,▎白羊,▎獅子,▎天蠍,▎天秤,▎射手,▎處女,▎雙魚,▎金牛,▎巨蟹
【唐綺陽】每日星座運勢11.21,▎金牛,▎巨蟹,▎魔羯,▎獅子,▎天秤,▎天蠍,▎處女,▎雙魚,▎白羊,▎雙子,▎射手,▎水瓶
【唐綺陽】每日星座運勢11.20,▎雙子,▎天秤,▎天蠍,▎金牛,▎處女,▎水瓶,▎巨蟹,▎獅子,▎白羊,▎魔羯,▎射手,▎雙魚
【唐綺陽】每日星座運勢11.19,▎金牛,▎雙子,▎獅子,▎巨蟹,▎處女,▎天秤,▎水瓶,▎雙魚,▎天蠍,▎魔羯,▎白羊,▎射手
【唐綺陽】週末星座運勢11.17-11.18,▎金牛,▎天蠍,▎射手,▎處女,▎天秤,▎魔羯,▎巨蟹,▎雙魚,▎獅子,▎水瓶,▎白羊,▎雙子
【唐綺陽】每日星座運勢11.16,▎處女,▎射手,▎雙魚,▎金牛,▎雙子,▎天秤,▎白羊,▎水瓶,▎巨蟹,▎獅子,▎天蠍,▎魔羯
【唐綺陽】每日星座運勢11.15,▎雙子,▎天秤,▎射手,▎金牛,▎天蠍,▎魔羯,▎白羊,▎巨蟹,▎獅子,▎處女,▎水瓶,▎雙魚
【唐綺陽】每日星座運勢11.14,▎獅子,▎處女,▎射手,▎巨蟹,▎天蠍,▎魔羯,▎雙子,▎天秤,▎金牛,▎雙魚,▎白羊,▎水瓶
【唐綺陽】每日星座運勢11.13,▎金牛,▎處女,▎魔羯,▎獅子,▎天秤,▎天蠍,▎巨蟹,▎射手,▎水瓶,▎雙魚,▎白羊,▎雙子
【唐綺陽】每日星座運勢11.12,▎白羊,▎天秤,▎雙魚,▎金牛,▎雙子,▎巨蟹,▎獅子,▎射手,▎處女,▎魔羯,▎天蠍,▎水瓶
【唐綺陽】週末星座運勢11.10-11.11,▎金牛,▎處女,▎射手,▎天秤,▎魔羯,▎雙魚,▎白羊,▎水瓶,▎巨蟹,▎獅子,▎雙子,▎天蠍
【唐綺陽】每日星座運勢11.9,▎處女,▎天秤,▎雙魚,▎金牛,▎雙子,▎魔羯,▎巨蟹,▎天蠍,▎白羊,▎獅子,▎射手,▎水瓶
【唐綺陽】每日星座運勢11.8,▎巨蟹,▎處女,▎水瓶,▎獅子,▎魔羯,▎雙魚,▎雙子,▎射手,▎白羊,▎金牛,▎天秤,▎天蠍
【唐綺陽】每日星座運勢11.7,▎白羊,▎水瓶,▎雙魚,▎金牛,▎處女,▎天秤,▎射手,▎魔羯,▎獅子,▎天蠍,▎雙子,▎巨蟹
【唐綺陽】每日星座運勢11.6,▎白羊,▎獅子,▎天秤,:▎雙子,▎巨蟹,▎射手,:▎處女,▎雙魚,:▎天蠍,▎水瓶,:▎金牛,▎魔羯
【唐綺陽】每日星座運勢11.5,▎雙子,▎天蠍,▎魔羯,:▎白羊,▎獅子,▎水瓶,:▎金牛,▎天秤,:▎巨蟹,▎處女,:▎射手,▎雙魚
【唐綺陽】週末星座運勢11.3-11.4,▎白羊,▎射手,▎魔羯,▎獅子,▎天秤,▎水瓶,▎天蠍,▎雙魚,▎巨蟹,▎處女,▎金牛,▎雙子
【唐綺陽】每日星座運勢11.2,▎獅子,▎天秤,▎水瓶,▎雙子,▎天蠍,▎雙魚,▎白羊,▎巨蟹,▎金牛,▎魔羯,▎處女,▎射手
【唐綺陽】每日星座運勢11.1,▎白羊,▎射手,▎魔羯,▎巨蟹,▎處女,▎水瓶,▎獅子,▎天秤,▎天蠍,▎雙魚,▎金牛
【唐綺陽】每日星座運勢10.31,白羊,巨蟹,雙子,金牛,獅子,水瓶,天秤,魔羯,射手,雙魚,處女,天蠍
【唐綺陽】每日星座運勢10.30,:▎獅子,▎處女,▎雙魚,:▎天秤,▎射手,▎魔羯,:▎巨蟹,▎水瓶,:▎白羊,▎雙子,:▎金牛,▎天蠍
【唐綺陽】每日星座運勢10.29,▎雙子,▎天秤,▎天蠍,▎白羊,▎金牛,▎射手,▎巨蟹,▎獅子,▎處女,▎水瓶,▎魔羯,▎雙魚
【唐綺陽】週末星座運勢10.27-10.28,白羊,巨蟹,天蠍,雙子,處女,雙魚,天秤,水瓶,射手,魔羯,金牛,獅子
【唐綺陽】每日星座運勢10.26,白羊,雙子,天秤,巨蟹,雙魚,天蠍,射手,魔羯,獅子,處女,金牛,水瓶
​【唐綺陽】每日星座運勢10.25,▎雙子,▎處女,▎水瓶,▎白羊,▎獅子,▎天蠍,▎天秤,▎雙魚,▎金牛,▎射手,▎巨蟹,▎魔羯
【唐綺陽】每日星座運勢10.24,▎雙子,▎天秤,▎天蠍,▎巨蟹,▎處女,▎水瓶,▎獅子,▎雙魚,▎金牛,▎射手,▎白羊,▎魔羯
【唐綺陽】每日星座運勢10.23,:▎白羊,▎射手,▎水瓶,:▎雙子,▎巨蟹,▎魔羯,:▎處女,▎天蠍,:▎天秤,▎雙魚,:▎金牛,▎獅子
【唐綺陽】每日星座運勢10.22,:▎白羊,▎金牛,▎天秤,:▎雙子,▎處女,▎天蠍,:▎巨蟹,▎雙魚,:▎射手,▎魔羯,:▎獅子,▎水瓶
【唐綺陽】週末星座運勢10.20-10.21,▎處女,▎天秤,▎射手,▎天蠍,▎魔羯,▎水瓶,▎金牛,▎雙魚,▎白羊,▎獅子,▎雙子,▎巨蟹
【唐綺陽】每日星座運勢10.19,▎白羊,▎金牛,▎射手,▎處女,▎天蠍,▎魔羯,▎雙子,▎巨蟹,▎天秤,▎雙魚,▎獅子,▎水瓶
【唐綺陽】每日星座運勢10.18,▎獅子,▎射手,▎魔羯,▎金牛,▎雙子,▎巨蟹,▎處女,▎水瓶,▎白羊,▎雙魚,▎天秤,▎天蠍
【唐綺陽】每日星座運勢10.17,:▎獅子,▎處女,▎雙魚,:▎雙子,▎巨蟹,▎水瓶,:▎金牛,▎魔羯,:▎天蠍,▎射手,:▎白羊,▎天秤
【唐綺陽】每日星座運勢10.16,:▎雙子,▎天秤,▎雙魚,:▎白羊,▎獅子,▎天蠍,:▎處女,▎水瓶,:▎金牛,▎射手,:▎巨蟹,▎魔羯
【唐綺陽】每日星座運勢10.15,:▎白羊,▎處女,▎魔羯,:▎金牛,▎獅子,▎水瓶,:▎天蠍,▎雙魚,:▎雙子,▎天秤,:▎巨蟹,▎射手
【唐綺陽】週末星座運勢10.13-10.14,▎白羊,▎射手,▎水瓶,▎雙子,▎獅子,▎處女,▎金牛,▎巨蟹,▎天蠍,▎魔羯,▎天秤,▎雙魚
​【唐綺陽】每日星座運勢10.12,▎處女,▎天秤,▎魔羯,▎白羊,▎天蠍,▎射手,▎巨蟹,▎獅子,▎雙子,▎水瓶,▎金牛,▎雙魚
【唐綺陽】每日星座運勢10.11,▎處女,▎天秤,▎魔羯,▎獅子,▎射手,▎雙魚,▎巨蟹,▎水瓶,▎金牛,▎雙子,▎白羊,▎天蠍
【唐綺陽】每日星座運勢10.10,▎天秤,▎射手,▎雙魚,▎白羊,▎雙子,▎天蠍,▎巨蟹,▎處女,▎金牛,▎水瓶,▎獅子,▎魔羯
【唐綺陽】每日星座運勢10.09,▎金牛,▎獅子,▎魔羯,▎處女,▎天秤,▎水瓶,▎天蠍,▎射手,▎雙子,▎巨蟹,▎白羊,▎雙魚
【唐綺陽】每日星座運勢10.08,▎巨蟹,▎處女,▎天蠍,▎金牛,▎獅子,▎射手,▎雙子,▎魔羯,▎白羊,▎雙魚,▎天秤,▎水瓶
​【唐綺陽】週末星座運勢10.6-10.7​,▎金牛,▎獅子,▎雙魚,▎雙子,▎處女,▎水瓶,▎白羊,▎天秤,▎射手,▎魔羯,▎巨蟹,▎天蠍
【唐綺陽】每日星座運勢10.05,▎白羊,▎獅子,▎射手,▎雙子,▎天蠍,▎雙魚,▎魔羯,▎水瓶,▎處女,▎天秤,▎金牛,▎巨蟹
【唐綺陽】每日星座運勢10.04,▎金牛,▎巨蟹,▎處女,▎白羊,▎射手,▎水瓶,▎獅子,▎天秤,▎天蠍,▎魔羯,▎雙子,▎雙魚
【唐綺陽】每日星座運勢10.03,▎處女,▎天蠍,▎雙魚,▎白羊,▎獅子,▎水瓶,▎巨蟹,▎射手,▎金牛,▎魔羯,▎雙子,▎天秤
【唐綺陽】每日星座運勢10.02,▎金牛,▎處女,▎雙魚,▎白羊,▎獅子,▎天秤,▎雙子,▎天蠍,▎巨蟹,▎魔羯,▎射手,▎水瓶
【唐綺陽】每日星座運勢10.01,▎白羊,▎獅子,▎天秤,▎處女,▎射手,▎雙魚,▎魔羯,▎水瓶,▎巨蟹,▎天蠍,▎金牛,▎雙子
【唐綺陽】週末星座運勢9.29-9.30,白羊,處女,射手,雙子,巨蟹,天蠍,魔羯,雙魚,金牛,天秤,獅子,水瓶
【唐綺陽】每日星座運勢9.28,▎雙子,▎天蠍,▎射手,▎金牛,▎天秤,▎魔羯,▎巨蟹,▎水瓶,▎獅子,▎處女,▎白羊,▎雙魚
【唐綺陽】每日星座運勢9.27,▎白羊,▎獅子,▎天秤,▎處女,▎天蠍,▎射手,▎雙子,▎水瓶,▎巨蟹,▎雙魚,▎金牛,▎魔羯
【唐綺陽】每日星座運勢9.26,▎天秤,▎射手,▎水瓶,▎雙子,▎天蠍,▎魔羯,▎白羊,▎雙魚,▎巨蟹,▎處女,▎金牛,▎獅子
【唐綺陽】每日星座運勢9.25,▎天蠍,▎射手,▎雙魚,▎金牛,▎雙子,▎魔羯,▎處女,▎天秤,▎白羊,▎獅子,▎巨蟹,▎水瓶
【唐綺陽】每日星座運勢9.24,▎金牛,▎獅子,▎魔羯,▎白羊,▎天秤,▎雙魚,▎巨蟹,▎射手,▎處女,▎水瓶,▎雙子,▎天蠍
【唐綺陽】週末星座運勢9.22-9.23,▎雙子,▎處女,▎雙魚,▎天秤,▎天蠍,▎魔羯,▎金牛,▎獅子,▎射手,▎水瓶,▎白羊,▎巨蟹
【唐綺陽】每日星座運勢9.21,▎獅子,▎天秤,▎射手,▎白羊,▎處女,▎天蠍,▎魔羯,▎雙魚,▎金牛,▎巨蟹,▎雙子,▎水瓶
【唐綺陽】每日星座運勢9.20,▎天蠍,▎射手,▎水瓶,▎雙子,▎巨蟹,▎雙魚,▎處女,▎天秤,▎白羊,▎獅子,▎金牛,▎魔羯
【唐綺陽】每日星座運勢9.19,▎巨蟹,▎魔羯,▎雙魚,▎雙子,▎處女,▎天蠍,▎天秤,▎射手,▎金牛,▎水瓶,▎白羊,▎獅子
【唐綺陽】每日星座運勢9.18,▎白羊,▎巨蟹,▎射手,▎處女,▎天秤,▎雙魚,▎獅子,▎天蠍,▎雙子,▎水瓶,▎金牛,▎魔羯
【唐綺陽】每日星座運勢9.17,▎獅子,▎處女,▎魔羯,▎巨蟹,▎天蠍,▎射手,▎金牛,▎水瓶,▎雙子,▎天秤,▎白羊,▎雙魚
​【唐綺陽】週末星座運勢9.15-9.16,▎巨蟹,▎獅子,▎雙魚,▎雙子,▎處女,▎天秤,▎白羊,▎射手,▎魔羯,▎水瓶,▎金牛,▎天蠍
【唐綺陽】每日星座運勢9.14,▎金牛,▎處女,▎射手,▎獅子,▎天蠍,▎天秤,▎水瓶,▎魔羯,▎白羊,▎雙子,▎巨蟹.,▎雙魚
【唐綺陽】每日星座運勢9.13,▎金牛,▎巨蟹,▎天秤,▎射手,▎魔羯,▎雙魚,▎獅子,▎處女,▎白羊,▎水瓶,▎雙子,▎天蠍
【唐綺陽】每日星座運勢9.12,▎天秤,▎射手,▎水瓶,▎金牛,▎雙子,▎天蠍,▎處女,▎魔羯,▎獅子,▎雙魚,▎白羊,▎巨蟹
【唐綺陽】每日星座運勢9.11,▎處女,▎天蠍,▎魔羯,▎金牛,巨蟹：,▎天秤,▎射手,▎雙魚,▎雙子,▎水瓶,▎白羊,▎獅子
【唐綺陽】每日星座運勢9.10,▎處女,▎天蠍,▎水瓶,▎雙子,▎巨蟹,▎獅子,▎天秤,▎雙魚,▎射手,▎魔羯,▎白羊,▎金牛
【唐綺陽】週末星座運勢9.8-9.9,▎巨蟹,▎射手,▎魔羯,▎處女,▎天秤,▎水瓶,▎白羊,▎雙子,▎獅子,▎天蠍,▎金牛,▎雙魚
【唐綺陽】每日星座運勢9.7,▎獅子,▎水瓶,▎雙魚,▎金牛,▎雙子,▎天秤,▎處女,▎射手,▎天蠍,▎魔羯,▎白羊,▎巨蟹
【唐綺陽】每日星座運勢9.6,雙子,魔羯,水瓶,金牛,射手,雙魚,白羊,處女,巨蟹,天蠍,獅子,天秤
【唐綺陽】每日星座運勢9.5,▎白羊,▎雙子,▎天蠍,▎獅子,▎天秤,▎雙魚,▎魔羯,▎水瓶,▎巨蟹,▎射手,▎金牛,▎處女
【唐綺陽】每日星座運勢9.4,巨蟹,獅子,天秤,白羊,處女,天蠍,金牛,魔羯,雙子,水瓶,射手,雙魚
【唐綺陽】每日星座運勢9.3,▎處女,▎天秤,▎射手,▎獅子,▎魔羯,▎水瓶,▎天蠍,▎雙魚,▎白羊,▎金牛,▎雙子,▎巨蟹
【唐綺陽】週末星座運勢9.1-9.2​,處女,魔羯,水瓶,獅子,天蠍,雙魚,白羊,金牛,巨蟹,射手,雙子,天秤
【唐綺陽】每日星座運勢8.31,▎處女,▎水瓶,▎雙魚,▎巨蟹,▎天秤,▎天蠍,▎白羊,▎金牛,▎雙子,▎魔羯,▎獅子,▎射手
【唐綺陽】每日星座運勢8.30,▎金牛,▎巨蟹,▎魔羯,▎白羊,▎雙子,▎天秤,▎天蠍,▎雙魚,▎獅子,▎處女,▎射手,▎水瓶
【唐綺陽】每日星座運勢8.29,▎雙子,▎天秤,▎雙魚,▎金牛,▎處女,▎水瓶,▎白羊,▎天蠍,▎射手,▎魔羯,▎巨蟹,▎獅子
【唐綺陽】每日星座運勢8.28,▎白羊,▎巨蟹,▎天秤,▎金牛,▎雙子,▎水瓶,▎天蠍,▎魔羯,▎處女,▎射手,▎獅子,▎雙魚
【唐綺陽】每日星座運勢8.27,▎處女,▎天秤,▎雙魚,▎金牛,▎雙子,▎巨蟹,▎獅子,▎魔羯,▎白羊,▎天蠍,▎射手,▎水瓶
【唐綺陽】週末星座運勢8.25-8.26,雙子,處女,魔羯,金牛,天蠍,雙魚,白羊,水瓶,獅子,射手,巨蟹,天秤
【唐綺陽】每日星座運勢8.24,▎巨蟹,▎獅子,▎射手,▎雙子,▎天蠍,▎魔羯,▎水瓶,▎雙魚,▎金牛,▎處女,▎白羊,▎天秤
【唐綺陽】每日星座運勢8.23,▎白羊,▎巨蟹,▎雙魚,▎雙子,▎獅子,▎天秤,▎金牛,▎射手,▎天蠍,▎魔羯,▎處女,▎水瓶
【唐綺陽】每日星座運勢8.22,天秤,射手,水瓶,金牛,處女,天蠍,白羊,雙子,巨蟹,獅子,魔羯,雙魚
【唐綺陽】每日星座運勢8.21​,▎雙子,▎天蠍,▎射手,▎白羊,▎巨蟹,▎水瓶,▎金牛,▎魔羯,▎天秤,▎雙魚,▎獅子,▎處女
【唐綺陽】每日星座運勢8.20,▎獅子,▎天秤,▎天蠍,▎白羊,▎巨蟹,▎魔羯,▎雙子,▎水瓶,▎處女,▎射手,▎金牛,▎雙魚
【唐綺陽】週末星座運勢8.18-8.19,▎處女,▎魔羯,▎水瓶,▎雙子,▎天蠍,▎射手,▎白羊,▎巨蟹,▎金牛,▎天秤,▎獅子,▎雙魚
【唐綺陽】每日星座運勢8.17,▎獅子,▎射手,▎水瓶,▎白羊,▎金牛,▎處女,▎天蠍,▎魔羯,▎巨蟹,▎雙魚,▎雙子,▎天秤
【唐綺陽】每日星座運勢8.16,獅子,射手,魔羯,巨蟹,處女,天秤,金牛,雙子,水瓶,雙魚,白羊,天蠍
【唐綺陽】每日星座運勢8.15,▎雙子,▎巨蟹,▎天蠍,▎處女,▎天秤,▎魔羯,▎白羊,▎射手,▎金牛,▎水瓶,▎獅子,▎雙魚
【唐綺陽】每日星座運勢8.14,▎巨蟹,▎天秤,▎雙魚,▎天蠍,▎魔羯,▎水瓶,▎處女,▎射手,▎白羊,▎雙子,▎金牛,▎獅子
【唐綺陽】每日星座運勢8.13,▎獅子,▎處女,▎魔羯,▎白羊,▎天秤,▎射手,▎巨蟹,▎天蠍,▎金牛,▎水瓶,▎雙子,▎雙魚
【唐綺陽】週末星座運勢8.11-8.12,巨蟹,天秤,射手,白羊,雙子,雙魚,天蠍,魔羯,處女,水瓶,金牛,獅子
​【唐綺陽】每日星座運勢8.10,▎天秤,▎水瓶,▎雙魚,▎處女,▎天蠍,▎魔羯,▎獅子,▎射手,▎金牛,▎巨蟹,▎白羊,▎雙子
【唐綺陽】每日星座運勢8.9,▎獅子,▎天蠍,▎射手,▎巨蟹,▎處女,▎水瓶,▎白羊,▎雙子,▎天秤,▎雙魚,▎金牛,▎魔羯
【唐綺陽】每日星座運勢8.8,▎白羊,▎天秤,▎天蠍,▎獅子,▎處女,▎射手,▎雙子,▎巨蟹,▎金牛,▎魔羯,▎水瓶,▎雙魚
【唐綺陽】每日星座運勢8.7,▎處女,▎魔羯,▎雙魚,▎金牛,▎獅子,▎射手,▎天蠍,▎水瓶,▎白羊,▎天秤,▎雙子,▎巨蟹
【唐綺陽】每日星座運勢8.6,▎天蠍,▎射手,▎雙魚,▎獅子,▎處女,▎天秤,▎巨蟹,▎魔羯,▎白羊,▎雙子,▎金牛,▎水瓶
​【唐綺陽】週末星座運勢8.4-8.5,▎白羊,▎金牛,▎巨蟹,▎雙子,▎天秤,▎水瓶,▎處女,▎雙魚,▎獅子,▎天蠍,▎射手,▎魔羯
【唐綺陽】每日星座運勢8.3,▎巨蟹,▎獅子,▎水瓶,▎天秤,▎射手,▎雙魚,▎處女,▎天蠍,▎雙子,▎魔羯,▎白羊,▎金牛
​【唐綺陽】每日星座運勢8.2,▎巨蟹,▎天蠍,▎射手,▎金牛,▎天秤,▎雙魚,▎白羊,▎獅子,▎處女,▎水瓶,▎雙子,▎魔羯
​【唐綺陽】每日星座運勢8.1​,▎白羊,▎獅子,▎射手,▎金牛,▎處女,▎天蠍,▎水瓶,▎雙魚,▎雙子,▎天秤,▎巨蟹,▎魔羯
【唐綺陽】每日星座運勢7.31,▎雙子,▎處女,▎魔羯,▎白羊,▎天蠍,▎射手,▎巨蟹,▎水瓶,▎金牛,▎天秤,▎獅子,▎雙魚
​【唐綺陽】每日星座運勢7.30,▎白羊,▎巨蟹,▎水瓶,▎雙子,▎天蠍,▎雙魚,▎金牛,▎天秤,▎處女,▎射手,▎獅子,▎魔羯
​【唐綺陽】週末星座運勢7.28-7.29,▎雙子,▎天秤,▎射手,▎白羊,▎巨蟹,▎天蠍,▎獅子,▎雙魚,▎處女,▎水瓶,▎金牛,▎魔羯
【唐綺陽】每日星座運勢7.27,▎獅子,▎天蠍,▎射手,▎金牛,▎巨蟹,▎雙魚,▎處女,▎魔羯,▎雙子,▎水瓶,▎白羊,▎天秤
【唐綺陽】每日星座運勢7.26,▎雙子,▎天蠍,▎水瓶,▎獅子,▎射手,▎雙魚,▎巨蟹,▎處女,▎天秤,▎魔羯,▎白羊,▎金牛
【唐綺陽】每日星座運勢7.25,▎金牛,▎天秤,▎射手,▎白羊,▎處女,▎天蠍,▎雙子,▎雙魚,▎巨蟹,▎魔羯,▎獅子,▎水瓶
【唐綺陽】每日星座運勢7.24,▎處女,▎天秤,▎天蠍,▎巨蟹,▎射手,▎魔羯,▎雙子,▎水瓶,▎金牛,▎獅子,▎白羊,▎雙魚
【唐綺陽】每日星座運勢7.23,▎雙子,▎天蠍,▎水瓶,▎獅子,▎射手,▎雙魚,▎巨蟹,▎處女,▎天秤,▎魔羯,▎白羊,▎金牛
【唐綺陽】週末星座運勢7.21-7.22,▎金牛,▎水瓶,▎雙魚,▎天蠍,▎射手,▎魔羯,▎獅子,▎天秤,▎巨蟹,▎處女,▎白羊,▎雙子
​【唐綺陽】每日星座運勢7.20,▎天蠍,▎水瓶,▎雙魚,▎金牛,▎天秤,▎射手,▎白羊,▎魔羯,▎雙子,▎處女,▎巨蟹,▎獅子
【唐綺陽】每日星座運勢7.19,▎白羊,▎金牛,▎魔羯,▎雙子,▎獅子,▎射手,▎天蠍,▎水瓶,▎處女,▎雙魚,▎巨蟹,▎天秤
【唐綺陽】每日星座運勢7.18,金牛,巨蟹,魔羯,獅子,處女,射手,天秤,水瓶,雙子,天蠍,白羊,雙魚
【唐綺陽】每日星座運勢7.17,▎白羊,▎天秤,▎天蠍,▎獅子,▎魔羯,▎水瓶,▎射手,▎雙魚,▎金牛,▎巨蟹,▎雙子,▎處女
【唐綺陽】每日星座運勢7.16,▎巨蟹,▎天秤,▎射手,▎金牛,▎天蠍,▎雙魚,▎白羊,▎雙子,▎處女,▎魔羯,▎獅子,▎水瓶
​【唐綺陽】週末星座運勢7.14-7.15,▎雙子,▎巨蟹,▎處女,▎白羊,▎射手,▎雙魚,▎魔羯,▎水瓶,▎天秤,▎天蠍,▎金牛,▎獅子
​【唐綺陽】每日星座運勢7.13​,▎處女,▎魔羯,▎水瓶,▎白羊,▎雙子,▎射手,▎金牛,▎天秤,▎巨蟹,▎雙魚,▎獅子,▎天蠍
【唐綺陽】每日星座運勢7.12,▎獅子,▎射手,▎水瓶,▎白羊,▎魔羯,▎雙魚,▎金牛,▎天蠍,▎處女,▎天秤,▎雙子,▎巨蟹
【唐綺陽】每日星座運勢7.11,▎射手,▎水瓶,▎雙魚,▎牡羊,▎天秤,▎魔羯,▎金牛,▎天蠍,▎巨蟹,▎獅子,▎雙子,▎處女
【唐綺陽】每日星座運勢7.10,▎白羊,▎金牛,▎巨蟹,▎雙子,▎天蠍,▎水瓶,▎射手,▎雙魚,▎處女,▎魔羯,▎獅子,▎天秤
【唐綺陽】每日星座運勢7.9,▎雙子,▎處女,▎天蠍,▎牡羊,▎射手,▎魔羯,▎巨蟹,▎天秤,▎金牛,▎水瓶,▎獅子,▎雙魚
【唐綺陽】週末星座運勢7.7-07.08,▎射手,▎魔羯,▎雙魚,▎白羊,▎處女,▎天秤,▎天蠍,▎水瓶,▎雙子,▎巨蟹,▎金牛,▎獅子
【唐綺陽】每日星座運勢7.6,▎天秤,▎射手,▎魔羯,▎雙子,▎巨蟹,▎天蠍,▎金牛,▎獅子,▎牡羊,▎處女,▎水瓶,▎雙魚
【唐綺陽】每日星座運勢7.5,▎金牛,▎雙子,▎處女,▎白羊,▎巨蟹,▎獅子,▎水瓶,▎雙魚,▎射手,▎魔羯,▎天秤,▎天蠍
【唐綺陽】每日星座運勢7.4,▎巨蟹,▎處女,▎水瓶,▎白羊,▎獅子,▎魔羯,▎金牛,▎射手,▎天蠍,▎雙魚,▎雙子,▎天秤
【唐綺陽】每日星座運勢7.3,▎雙子,▎獅子,▎雙魚,▎金牛,▎處女,▎魔羯,▎巨蟹,▎水瓶,▎白羊,▎天蠍,▎天秤,▎射手
【唐綺陽】每日星座運勢7.2,▎金牛,▎獅子,▎處女,▎天秤,▎天蠍,▎雙魚,▎白羊,▎雙子,▎巨蟹,▎魔羯,▎射手,▎水瓶
【唐綺陽】週末星座運勢6.30-7.1,▎白羊,▎巨蟹,▎獅子,▎處女,▎天秤,▎魔羯,▎金牛,▎水瓶,▎天蠍,▎射手,▎雙子,▎雙魚
【唐綺陽】週末星座運勢6.30-7.1,▎白羊,▎巨蟹,▎獅子,▎處女,▎天秤,▎魔羯,▎金牛,▎水瓶,▎天蠍,▎射手,▎雙子,▎雙魚
【唐綺陽】每日星座運勢6.29,▎白羊,▎天蠍,▎雙魚,▎雙子,▎巨蟹,▎水瓶,▎天秤,▎射手,▎金牛,▎處女,▎獅子,▎魔羯
【唐綺陽】每日星座運勢6.28,白羊,天秤,射手,巨蟹,水瓶,雙魚,天蠍,魔羯,獅子,處女,金牛,雙子
【唐綺陽】每日星座運勢6.27,獅子,射手,雙魚,金牛,雙子,巨蟹,處女,天蠍,白羊,天秤,魔羯
【唐綺陽】每日星座運勢6.26,金牛,天秤,水瓶,雙子,射手,魔羯,巨蟹,天蠍,獅子,雙魚,白羊,處女
【唐綺陽】每日星座運勢6.25,▎處女,▎天蠍,▎雙魚,▎巨蟹,▎獅子,▎天秤,▎雙子,▎魔羯,▎白羊,▎射手,▎金牛,▎水瓶
【唐綺陽】週末星座運勢6.23-6.24,▎白羊,▎雙子,▎雙魚,▎金牛,▎獅子,▎射手,▎處女,▎天秤,▎巨蟹,▎水瓶,▎天蠍,▎魔羯
【唐綺陽】每日星座運勢6.22,▎天秤,▎天蠍,▎雙魚,▎巨蟹,▎獅子,▎射手,▎處女,▎水瓶,▎白羊,▎魔羯,▎金牛,▎雙子
【唐綺陽】每日星座運勢6.21,▎金牛,▎魔羯,▎水瓶,▎白羊,▎雙子,▎處女,▎天蠍,▎射手,▎巨蟹,▎獅子,▎天秤,▎雙魚
"【唐綺陽】每日星座運勢6.20
​",▎金牛,▎獅子,▎天秤,▎天蠍,▎射手,▎水瓶,▎白羊,▎巨蟹,▎雙子,▎處女,▎魔羯,▎雙魚
【唐綺陽】每日星座運勢6.19,▎白羊,▎雙子,▎魔羯,▎巨蟹,▎射手,▎雙魚,▎金牛,▎處女,▎天秤,▎水瓶,▎獅子,▎天蠍
【唐綺陽】每日星座運勢6.18,▎雙子,▎獅子,▎魔羯,▎白羊,▎金牛,▎巨蟹,▎水瓶,▎雙魚,▎處女,▎天蠍,▎天秤,▎射手
【唐綺陽】週末星座運勢6.16-6.17,▎天蠍,▎射手,▎魔羯,▎雙子,▎水瓶,▎雙魚,▎白羊,▎金牛,▎獅子,▎處女,▎巨蟹,▎天秤
【唐綺陽】每日星座運勢6.15,▎雙子,▎水瓶,▎雙魚,▎處女,▎天秤,▎天蠍,▎巨蟹,▎獅子,▎白羊,▎魔羯,▎金牛,▎射手
【唐綺陽】每日星座運勢6.14,▎金牛,▎雙子,▎天秤,▎巨蟹,▎獅子,▎雙魚,▎白羊,▎水瓶,▎天蠍,▎射手,▎處女,▎魔羯
【唐綺陽】每日星座運勢6.13,▎雙子,▎射手,▎水瓶,▎白羊,▎處女,▎天蠍,▎天秤,▎雙魚,▎金牛,▎獅子,▎巨蟹,▎魔羯
【唐綺陽】每日星座運勢6.12,▎處女,▎天秤,▎水瓶,▎金牛,▎巨蟹,▎魔羯,▎雙子,▎射手,▎獅子,▎天蠍,▎白羊,▎雙魚
【唐綺陽】每日星座運勢6.11,▎白羊,▎天蠍,▎雙魚,▎雙子,▎射手,▎水瓶,▎金牛,▎處女,▎巨蟹,▎獅子,▎天秤,▎魔羯
【唐綺陽】週末星座運勢6.9-6.10,▎巨蟹,▎射手,▎水瓶,▎金牛,▎雙子,▎天蠍,▎獅子,▎天秤,▎白羊,▎雙魚,▎處女,▎魔羯
【唐綺陽】每日星座運勢6.8,▎雙子,▎射手,▎雙魚,▎金牛,▎天秤,▎魔羯,▎白羊,▎巨蟹,▎天蠍,▎水瓶,▎獅子,▎處女
​【唐綺陽】每日星座運勢6.7,▎金牛,▎天秤,▎天蠍,▎巨蟹,▎獅子,▎魔羯,▎白羊,▎處女,▎射手,▎雙魚,▎雙子,▎水瓶
【唐綺陽】每日星座運勢6.6,▎處女,▎天秤,▎水瓶,▎白羊,▎金牛,▎射手,▎雙子,▎魔羯,▎巨蟹,▎獅子,▎天蠍,▎雙魚
【唐綺陽】每日星座運勢6.5,▎白羊,▎金牛,▎天秤,▎雙子,▎射手,▎雙魚,▎處女,▎天蠍,▎魔羯,▎水瓶,▎巨蟹,▎獅子
【唐綺陽】每日星座運勢6.4,▎金牛,▎巨蟹,▎天蠍,▎雙子,▎獅子,▎魔羯,▎白羊,▎天秤,▎處女,▎水瓶,▎射手,▎雙魚
【唐綺陽】週末星座運勢6.2-6.3,▎金牛,▎處女,▎水瓶,▎巨蟹,▎射手,▎魔羯,▎白羊,▎天秤,▎獅子,▎天蠍,▎雙子,▎雙魚
​【唐綺陽】每日星座運勢6.1,▎白羊,▎射手,▎水瓶,▎金牛,▎處女,▎魔羯,▎獅子,▎天秤,▎雙子,▎雙魚,▎巨蟹,▎天蠍
【唐綺陽】每日星座運勢5.31,▎白羊,▎天蠍,▎魔羯,▎金牛,▎巨蟹,▎處女,▎雙子,▎射手,▎天秤,▎雙魚,▎獅子,▎水瓶
【唐綺陽】每日星座運勢5.30,▎白羊,▎巨蟹,▎天蠍,▎金牛,▎射手,▎雙魚,▎雙子,▎魔羯,▎獅子,▎天秤,▎處女,▎水瓶
【唐綺陽】每日星座運勢5.29,▎白羊,▎金牛,▎雙魚,▎雙子,▎處女,▎水瓶,▎天秤,▎射手,▎天蠍,▎魔羯,▎巨蟹,▎獅子
【唐綺陽】每日星座運勢5.28,▎白羊,▎雙子,▎射手,▎處女,▎魔羯,▎水瓶,▎金牛,▎巨蟹,▎獅子,▎天秤,▎天蠍,▎雙魚
【唐綺陽】週末星座運勢5.26-5.27,▎獅子,▎水瓶,▎雙魚,▎巨蟹,▎天蠍,▎魔羯,▎天秤,▎射手,▎雙子,▎處女,▎白羊,▎金牛
【唐綺陽】每日星座運勢5.25,▎獅子,▎天秤,▎天蠍,▎白羊,▎處女,▎魔羯,▎金牛,▎雙魚,▎射手,▎水瓶,▎雙子,▎巨蟹
【唐綺陽】每日星座運勢5.24,天秤,天蠍,雙魚,金牛,處女,水瓶,白羊,射手,雙子,魔羯,巨蟹,獅子
​【唐綺陽】每日星座運勢5.23,▎金牛,▎天秤,▎天蠍,▎巨蟹,▎處女,▎水瓶,▎魔羯,▎雙魚,▎雙子,▎射手,▎白羊,▎獅子
【唐綺陽】每日星座運勢5.22,▎白羊,▎巨蟹,▎天秤,▎金牛,▎獅子,▎射手,▎處女,▎水瓶,▎天蠍,▎雙魚,▎雙子,▎魔羯
【唐綺陽】每日星座運勢5.21,▎白羊,▎處女,▎雙魚,▎雙子,▎獅子,▎水瓶,▎天蠍,▎魔羯,▎巨蟹,▎射手,▎金牛,▎天秤
"
​【唐綺陽】每日星座運勢6.25",▎處女,▎天蠍,▎雙魚,▎巨蟹,▎獅子,▎天秤,▎雙子,▎魔羯,▎白羊,▎射手,▎金牛,▎水瓶
​【唐綺陽】週末星座運勢5.19-5.20,▎天秤,▎水瓶,▎雙魚,▎巨蟹,▎天蠍,▎魔羯,▎雙子,▎處女,▎金牛,▎獅子,▎白羊,▎射手
【唐綺陽】每日星座運勢5.18,▎獅子,▎天蠍,▎射手,▎天秤,▎水瓶,▎雙魚,▎白羊,▎雙子,▎金牛,▎巨蟹,▎處女,▎魔羯
【唐綺陽】每日星座運勢5.17,▎雙子,▎天秤,▎天蠍,▎金牛,▎處女,▎魔羯,▎獅子,▎射手,▎水瓶,▎雙魚,▎白羊,▎巨蟹
【唐綺陽】每日星座運勢5.16,▎雙子,▎魔羯,▎雙魚,▎金牛,▎處女,▎射手,▎天秤,▎水瓶,▎白羊,▎天蠍,▎巨蟹,▎獅子
【唐綺陽】每日星座運勢5.15,獅子,處女,天秤,金牛,雙子,魔羯,巨蟹,射手,天蠍,雙魚,白羊,水瓶
【唐綺陽】每日星座運勢5.14,雙子,巨蟹,天秤,獅子,天蠍,魔羯,水瓶,雙魚,白羊,處女,金牛,射手
​【唐綺陽】週末星座運勢5.12-5.13,▎獅子,▎處女,▎魔羯,▎巨蟹,▎天蠍,▎水瓶,▎射手,▎雙魚,▎雙子,▎天秤,▎白羊,▎金牛
【唐綺陽】每日星座運勢5.11,▎白羊,▎巨蟹,▎天秤,▎獅子,▎射手,▎水瓶,▎金牛,▎雙子,▎處女,▎天蠍,▎魔羯,▎雙魚
【唐綺陽】每日星座運勢5.10,▎金牛,▎天蠍,▎水瓶,▎處女,▎天秤,▎射手,▎獅子,▎魔羯,▎白羊,▎雙子,▎巨蟹,▎雙魚
【唐綺陽】每日星座運勢5.9,▎金牛,▎獅子,▎水瓶,▎處女,▎天秤,▎天蠍,▎射手,▎魔羯,▎雙子,▎巨蟹,▎白羊,▎雙魚
【唐綺陽】每日星座運勢5.8,雙子,獅子,天蠍,白羊,處女,魔羯,金牛,水瓶,天秤,射手,巨蟹,雙魚
【唐綺陽】每日星座運勢5.7,▎處女,▎天秤,▎魔羯,▎白羊,▎巨蟹,▎水瓶,▎金牛,▎射手,▎雙子,▎獅子,▎天蠍,▎雙魚
【唐綺陽】週末星座運勢5.5-5.6,▎處女,▎天秤,▎天蠍,▎金牛,▎巨蟹,▎射手,▎水瓶,▎雙魚,▎白羊,▎獅子,▎雙子,▎魔羯
​【唐綺陽】每日星座運勢5.4,▎金牛,▎巨蟹,▎魔羯,▎白羊,▎獅子,▎處女,▎天秤,▎天蠍,▎雙子,▎射手,▎水瓶,▎雙魚
【唐綺陽】每日星座運勢5.3,▎雙子,▎天秤,▎雙魚,▎處女,▎天蠍,▎魔羯,▎金牛,▎水瓶,▎巨蟹,▎射手,▎白羊,▎獅子
【唐綺陽】每日星座運勢5.2,▎白羊,▎巨蟹,▎雙魚,▎獅子,▎射手,▎魔羯,▎金牛,▎雙子,▎天蠍,▎水瓶,▎處女,▎天秤
【唐綺陽】每日星座運勢5.1,▎白羊,▎金牛,▎獅子,▎巨蟹,▎處女,▎天秤,▎射手,▎雙魚,▎雙子,▎水瓶,▎天蠍,▎魔羯
【唐綺陽】每日星座運勢4.30,金牛,雙子,天蠍,處女,天秤,射手,白羊,獅子,魔羯,水瓶,巨蟹,雙魚
"【唐綺陽】週末星座運勢4.28-4.29
​",▎巨蟹,▎獅子,▎天蠍,▎處女,▎天秤,▎射手,▎雙子,▎魔羯,▎金牛,▎水瓶,▎白羊,▎雙魚
【唐綺陽】每日星座運勢4.27,▎金牛,▎天秤,▎雙魚,▎雙子,▎天蠍,▎水瓶,▎巨蟹,▎魔羯,▎白羊,▎射手,▎獅子,▎處女
【唐綺陽】每日星座運勢4.26,▎白羊,▎天蠍,▎魔羯,▎雙子,▎射手,▎雙魚,▎金牛,▎天秤,▎獅子,▎水瓶,▎巨蟹,▎處女
​【唐綺陽】每日星座運勢4.25,▎雙子,▎獅子,▎魔羯,▎白羊,▎金牛,▎水瓶,▎天蠍,▎射手,▎處女,▎天秤,▎巨蟹,▎雙魚
【唐綺陽】每日星座運勢4.24,▎天秤,▎天蠍,▎雙魚,▎金牛,▎巨蟹,▎水瓶,▎白羊,▎獅子,▎雙子,▎魔羯,▎處女,▎射手
【唐綺陽】每日星座運勢4.23,▎白羊,▎魔羯,▎水瓶,▎金牛,▎獅子,▎射手,▎天秤,▎天蠍,▎處女,▎雙魚,▎雙子,▎巨蟹
【唐綺陽】週末星座運勢4.21-4.22,▎獅子,▎處女,▎魔羯,▎天秤,▎射手,▎水瓶,▎雙子,▎雙魚,▎金牛,▎天蠍,▎白羊,▎巨蟹
【唐綺陽】每日星座運勢4.20,▎巨蟹,▎射手,▎水瓶,▎處女,▎天蠍,▎雙魚,▎金牛,▎天秤,▎雙子,▎獅子,▎白羊,▎魔羯
【唐綺陽】每日星座運勢4.19,▎白羊,▎巨蟹,▎處女,▎獅子,▎天蠍,▎射手,▎金牛,▎魔羯,▎天秤,▎水瓶,▎雙子,▎雙魚
【唐綺陽】每日星座運勢4.18,▎天秤,▎射手,▎雙魚,▎白羊,▎獅子,▎水瓶,▎處女,▎天蠍,▎金牛,▎巨蟹,▎雙子,▎魔羯
【唐綺陽】每日星座運勢4.17,▎天秤,▎天蠍,▎魔羯,▎白羊,▎射手,▎雙魚,▎金牛,▎巨蟹,▎處女,▎水瓶,▎雙子,▎獅子
【唐綺陽】每日星座運勢4.16,▎天秤,▎水瓶,▎雙魚,▎巨蟹,▎獅子,▎處女,▎金牛,▎天蠍,▎白羊,▎魔羯,▎雙子,▎射手
【唐綺陽】週末星座運勢4.14-4.15,▎獅子,▎射手,▎魔羯,▎金牛,▎天蠍,▎雙魚,▎白羊,▎天秤,▎雙子,▎處女,▎巨蟹,▎水瓶
【唐綺陽】每日星座運勢4.13,▎天蠍,▎魔羯,▎水瓶,▎白羊,▎獅子,▎射手,▎巨蟹,▎處女,▎金牛,▎雙魚,▎雙子,▎天秤
【唐綺陽】每日星座運勢4.12,▎金牛,▎獅子,▎天秤,▎白羊,▎處女,▎射手,▎巨蟹,▎雙魚,▎天蠍,▎魔羯,▎雙子,▎水瓶
【唐綺陽】每日星座運勢4.11,▎白羊,▎天蠍,▎雙魚,▎獅子,▎魔羯,▎水瓶,▎金牛,▎天秤,▎雙子,▎巨蟹,▎處女,▎射手
【唐綺陽】每日星座運勢4.10,▎白羊,▎雙子,▎處女,▎金牛,▎巨蟹,▎獅子,▎射手,▎魔羯,▎天秤,▎水瓶,▎天蠍,▎雙魚
【唐綺陽】每日星座運勢4.9,▎白羊,▎魔羯,▎雙魚,▎雙子,▎巨蟹,▎獅子,▎天秤,▎天蠍,▎金牛,▎射手,▎處女,▎水瓶
【唐綺陽】週末星座運勢4.7-4.8,▎獅子,▎魔羯,▎雙魚,▎金牛,▎巨蟹,▎射手,▎天秤,▎天蠍,▎白羊,▎處女,▎雙子,▎水瓶
【唐綺陽】每日星座運勢4.6,▎處女,▎天秤,▎魔羯,▎白羊,▎金牛,▎獅子,▎天蠍,▎雙魚,▎雙子,▎水瓶,▎巨蟹,▎射手
【唐綺陽】每日星座運勢4.5,巨蟹,獅子,水瓶,天秤,天蠍,魔羯,白羊,處女,雙子,雙魚,金牛,叫地地不靈，因此凡事要自立自強比較好。感情方面雙方容易有劍拔弩張的情況，你覺得自己很忍讓，但對方卻步步逼進。幸運色是黃色。
【唐綺陽】每日星座運勢4.4,▎天秤,▎射手,▎魔羯,▎雙子,▎處女,▎雙魚,▎金牛,▎巨蟹,▎白羊,▎天蠍,▎獅子,▎水瓶
【唐綺陽】每日星座運勢4.3,▎天蠍,▎魔羯,▎雙魚,▎白羊,▎處女,▎水瓶,▎金牛,▎雙子,▎巨蟹,▎獅子,▎天秤,▎射手
【唐綺陽】週末星座運勢3.31-4.1,▎獅子,▎處女,▎天秤,▎金牛,▎巨蟹,▎水瓶,▎白羊,▎射手,▎雙子,▎天蠍,▎魔羯,▎雙魚
【唐綺陽】每日星座運勢3.30,▎天蠍,▎魔羯,▎水瓶,▎處女,▎天秤,▎雙魚,▎金牛,▎獅子,▎雙子,▎射手,▎白羊,▎巨蟹
【唐綺陽】每日星座運勢3.29,▎射手,▎水瓶,▎雙魚,▎巨蟹,▎天秤,▎天蠍,▎白羊,▎處女,▎金牛,▎獅子,▎雙子,▎魔羯
【唐綺陽】每日星座運勢3.28,▎巨蟹,▎天蠍,▎射手,▎雙子,▎天秤,▎水瓶,▎白羊,▎處女,▎金牛,▎雙魚,▎獅子,▎魔羯
【唐綺陽】每日星座運勢3.27,▎獅子,▎處女,▎天蠍,▎金牛,▎雙子,▎巨蟹,▎射手,▎魔羯,▎天秤,▎雙魚,▎白羊,▎水瓶
【唐綺陽】每日星座運勢3.26,白羊,金牛,巨蟹,獅子,天蠍,水瓶,雙子,魔羯,射手,雙魚,處女,天秤
【唐綺陽】週末星座運勢3.24-3.25,▎金牛,▎獅子,▎處女,▎雙子,▎魔羯,▎水瓶,▎巨蟹,▎天秤,▎白羊,▎雙魚,▎天蠍,▎射手
【唐綺陽】每日星座運勢3.23,▎白羊,▎巨蟹,▎水瓶,▎天蠍,▎射手,▎雙魚,▎雙子,▎處女,▎獅子,▎魔羯,▎金牛,▎天秤
【唐綺陽】每日星座運勢3.22,▎金牛,▎巨蟹,▎獅子,▎雙子,▎處女,▎射手,▎天蠍,▎水瓶,▎白羊,▎魔羯,▎天秤,▎雙魚
​【唐綺陽】每日星座運勢3.21,▎金牛,▎天秤,▎射手,▎雙子,▎水瓶,▎雙魚,▎白羊,▎魔羯,▎巨蟹,▎獅子,▎處女,▎天蠍
【唐綺陽】每日星座運勢3.20,▎雙子,▎天秤,▎天蠍,▎處女,▎水瓶,▎雙魚,▎白羊,▎巨蟹,▎射手,▎魔羯,▎金牛,▎獅子
【唐綺陽】每日星座運勢3.19,▎雙子,▎天秤,▎水瓶,▎白羊,▎金牛,▎巨蟹,▎天蠍,▎射手,▎獅子,▎處女,▎魔羯,▎雙魚
​【唐綺陽】週末星座運勢3.17-3.18,▎白羊,▎天秤,▎射手,▎雙子,▎巨蟹,▎魔羯,▎處女,▎雙魚,▎金牛,▎獅子,▎天蠍,▎水瓶
【唐綺陽】每日星座運勢3.16,▎巨蟹,▎水瓶,▎雙魚,▎白羊,▎金牛,▎天秤,▎雙子,▎獅子,▎射手,▎魔羯,▎處女,▎天蠍
【唐綺陽】每日星座運勢3.15,▎雙子,▎處女,▎射手,▎白羊,▎獅子,▎魔羯,▎金牛,▎天蠍,▎水瓶,▎雙魚,▎巨蟹,▎天秤
【唐綺陽】每日星座運勢3.14,▎巨蟹,▎獅子,▎水瓶,▎白羊,▎天蠍,▎射手,▎處女,▎魔羯,▎金牛,▎天秤,▎雙子,▎雙魚
【唐綺陽】每日星座運勢3.13,▎雙子,▎魔羯,▎雙魚,▎白羊,▎天秤,▎天蠍,▎處女,▎射手,▎金牛,▎水瓶,▎巨蟹,▎獅子
【唐綺陽】每日星座運勢3.12,▎雙子,▎天秤,▎雙魚,▎巨蟹,▎獅子,▎水瓶,▎白羊,▎金牛,▎天蠍,▎魔羯,▎處女,▎射手
【唐綺陽】周末星座運勢3.10-3.11,▎獅子,▎天蠍,▎水瓶,▎白羊,▎射手,▎魔羯,▎處女,▎天秤,▎金牛,▎雙子,▎巨蟹,▎雙魚
【唐綺陽】每日星座運勢3.09,▎巨蟹,▎處女,▎水瓶,▎金牛,▎天蠍,▎射手,▎獅子,▎雙魚,▎白羊,▎魔羯,▎雙子,▎天秤
【唐綺陽】每日星座運勢3.08,▎獅子,▎天秤,▎射手,▎魔羯,▎水瓶,▎雙魚,▎雙子,▎巨蟹,▎白羊,▎天蠍,▎金牛,▎處女
【唐綺陽】每日星座運勢3.07,▎白羊,▎獅子,▎魔羯,▎金牛,▎雙子,▎水瓶,▎處女,▎天秤,▎射手,▎雙魚,▎巨蟹,▎天蠍
【唐綺陽】每日星座運勢03.06,▎巨蟹,▎天秤,▎雙魚,▎白羊,▎天蠍,▎水瓶,▎雙子,▎獅子,▎處女,▎魔羯,▎金牛,▎射手
【唐綺陽】每日星座運勢03.05,▎巨蟹,▎魔羯,▎水瓶,▎金牛,▎天秤,▎射手,▎天蠍,▎雙魚,▎白羊,▎雙子,▎獅子,▎處女
【唐綺陽】周末星座運勢03.03-04,▎處女,▎天蠍,▎雙魚,▎白羊,▎獅子,▎魔羯,▎射手,▎水瓶,▎雙子,▎巨蟹,▎金牛,▎天秤
【唐綺陽】每日星座運勢03.01,▎射手,▎魔羯,▎雙魚,▎雙子,▎天秤,▎天蠍,▎巨蟹,▎水瓶,▎白羊,▎金牛,▎獅子,▎處女
​【唐綺陽】每日星座運勢02.28,▎天蠍,▎魔羯,▎雙魚,▎巨蟹,▎天秤,▎水瓶,▎金牛,▎獅子,▎白羊,▎射手,▎雙子,▎處女
【唐綺陽】每日星座運勢02.27,▎雙子,▎天秤,▎魔羯,▎白羊,▎獅子,▎天蠍,▎金牛,▎水瓶,▎巨蟹,▎雙魚,▎處女,▎射手
【唐綺陽】每日星座運勢02.26,獅子,天蠍,魔羯,白羊,金牛,雙子,處女,射手,巨蟹,雙魚,天秤,水瓶
【唐綺陽】周末星座運勢2.24-25,▎天秤,▎射手,▎魔羯,▎白羊,▎巨蟹,▎處女,▎雙子,▎雙魚,▎金牛,▎水瓶,▎獅子,▎天蠍
​【唐綺陽】每日星座運勢2.23,▎白羊,▎巨蟹,▎天蠍,▎天秤,▎射手,▎雙魚,▎雙子,▎獅子,▎金牛,▎魔羯,▎處女,▎水瓶
【唐綺陽】每日星座運勢2.22,▎天蠍,▎魔羯,▎雙魚,▎白羊,▎巨蟹,▎處女,▎雙子,▎射手,▎金牛,▎天秤,▎獅子,▎水瓶
【唐綺陽】每日星座運勢2.21,處女,射手,水瓶,白羊,金牛,雙魚,天秤,天蠍,獅子,魔羯,雙子,巨蟹
"​【唐綺陽】每日星座運勢2.15
​",▎魔羯,▎水瓶,▎雙魚,▎白羊,▎巨蟹,▎射手,▎金牛,▎雙子,▎獅子,▎處女,▎天秤
"【唐綺陽】每日星座運勢2.14
​",▎獅子,▎天秤,▎射手,▎雙子,▎魔羯,▎水瓶,▎處女,▎天蠍,▎巨蟹,▎雙魚,▎白羊,▎金牛
【唐綺陽】每日星座運勢2.13,▎天蠍,▎魔羯,▎雙魚,▎白羊,▎獅子,▎水瓶,▎金牛,▎雙子,▎巨蟹,▎射手,▎處女
【唐綺陽】每日星座運勢2.12,金牛,雙子,水瓶,白羊,巨蟹,處女,獅子,射手,魔羯,雙魚,天秤,天蠍
【唐綺陽】周末星座運勢2.10-2.11,▎處女,▎天秤,▎天蠍,▎金牛,▎巨蟹,▎獅子,▎雙子,▎魔羯,▎水瓶,▎雙魚,▎白羊,▎射手
【唐綺陽】每日星座運勢2.9,▎白羊,▎天秤,▎天蠍,▎射手,▎魔羯,▎水瓶,▎金牛,▎獅子,▎處女,▎雙魚,▎雙子,▎巨蟹
【唐綺陽】每日星座運勢2.8,▎白羊,▎雙子,▎處女,▎金牛,▎巨蟹,▎射手,▎天蠍,▎水瓶,▎魔羯,▎雙魚,▎獅子,▎天秤
【唐綺陽】每日星座運勢2.7,▎白羊,▎處女,▎雙魚,▎金牛,▎天蠍,▎射手,▎獅子,▎天秤,▎魔羯,▎水瓶,▎雙子,▎巨蟹
【唐綺陽】每日星座運勢2.6,▎處女,▎天蠍,▎魔羯,▎白羊,▎天秤,▎水瓶,▎巨蟹,▎射手,▎雙子,▎獅子,▎金牛,▎雙魚
【唐綺陽】每日星座運勢1.31,▎巨蟹,▎天蠍,▎射手,▎金牛,▎處女,▎魔羯,▎天秤,▎雙魚,▎獅子,▎水瓶,▎白羊,▎雙子
【唐綺陽】每日星座運勢1.30,▎白羊,▎雙子,▎巨蟹,▎金牛,▎天秤,▎魔羯,▎處女,▎水瓶,▎天蠍,▎射手,▎獅子,▎雙魚
​【唐綺陽】每日星座運勢1.29,▎雙子,▎天秤,▎雙魚,▎處女,▎天蠍,▎魔羯,▎獅子,▎射手,▎金牛,▎水瓶,▎白羊,▎巨蟹
​【唐綺陽】周末星座運勢1.27-1.28,▎巨蟹,▎處女,▎雙魚,▎雙子,▎天蠍,▎魔羯,▎獅子,▎水瓶,▎白羊,▎金牛,▎天秤,▎射手
"【唐綺陽】每日星座運勢1.26
​",▎白羊,▎金牛,▎處女,▎天秤,▎射手,▎雙魚,▎天蠍,▎魔羯,▎雙子,▎獅子,▎巨蟹,▎水瓶
"【唐綺陽】每日星座運勢1.25
​",▎金牛,▎雙子,▎處女,▎白羊,▎魔羯,▎水瓶,▎天蠍,▎雙魚,▎天秤,▎射手,▎巨蟹,▎獅子
【唐綺陽】每日星座運勢1.24,▎白羊,▎金牛,▎雙魚,▎巨蟹,▎獅子,▎天秤,▎雙子,▎處女,▎天蠍,▎魔羯,▎射手,▎水瓶
【唐綺陽】每日星座運勢1.23,▎金牛,▎處女,▎天秤,▎白羊,▎巨蟹,▎天蠍,▎獅子,▎魔羯,▎水瓶,▎雙魚,▎雙子,▎射手
【唐綺陽】每日星座運勢1.22,▎天蠍,▎魔羯,▎水瓶,▎處女,▎天秤,▎雙魚,▎金牛,▎獅子,▎巨蟹,▎射手,▎白羊,▎雙子
​【唐綺陽】周末星座運勢1.20~1.21,▎天秤,▎水瓶,▎雙魚,▎雙子,▎處女,▎天蠍,▎金牛,▎巨蟹,▎獅子,▎射手,▎白羊,▎魔羯
"​【唐綺陽】每日運勢1.19
​",▎獅子,▎天蠍,▎雙魚,▎金牛,▎處女,▎天秤,▎白羊,▎射手,▎魔羯,▎水瓶,▎雙子,▎巨蟹
"【唐綺陽】每日運勢1.18
​",▎處女,▎射手,▎魔羯,▎白羊,▎雙子,▎水瓶,▎天秤,▎雙魚,▎巨蟹,▎天蠍,▎金牛,▎獅子
"【唐綺陽】每日運勢1.17
​",▎金牛,▎雙子,▎獅子,▎白羊,▎處女,▎雙魚,▎天蠍,▎水瓶,▎天秤,▎魔羯,▎巨蟹,▎射手
【唐綺陽】每日運勢1.16,▎白羊,▎金牛,▎水瓶,▎處女,▎天蠍,▎魔羯,▎獅子,▎天秤,▎雙子,▎巨蟹,▎射手,▎雙魚
【唐綺陽】每日運勢1.15,▎獅子,▎天蠍,▎射手,▎金牛,▎雙子,▎天秤,▎白羊,▎處女,▎魔羯,▎雙魚,▎巨蟹,▎水瓶
​【唐綺陽】周末運勢1.13~1.14,▎雙子,▎巨蟹,▎水瓶,▎金牛,▎處女,▎射手,▎白羊,▎魔羯,▎獅子,▎天蠍,▎天秤,▎雙魚
【唐綺陽】每日運勢1.12,▎巨蟹,▎天蠍,▎射手,▎金牛,▎處女,▎天秤,▎雙子,▎雙魚,▎獅子,▎魔羯,▎白羊,▎水瓶
【唐綺陽】每日運勢1.11,▎處女,▎天秤,▎雙魚,▎白羊,▎雙子,▎天蠍,▎金牛,▎巨蟹,▎射手,▎水瓶,▎獅子,▎魔羯
【唐綺陽】每日運勢1.10,▎處女,▎天秤,▎射手,▎白羊,▎魔羯,▎水瓶,▎金牛,▎獅子,▎雙子,▎天蠍,▎巨蟹,▎雙魚
【唐綺陽】每日運勢1.9,▎獅子,▎天秤,▎射手,▎白羊,▎魔羯,▎水瓶,▎處女,▎雙魚,▎金牛,▎雙子,▎巨蟹,▎天蠍
【唐綺陽】每日星座運勢1.8,▎處女,▎天秤,▎射手,▎巨蟹,▎獅子,▎水瓶,▎魔羯,▎雙魚,▎白羊,▎天蠍,▎金牛,▎雙子
【唐綺陽】周末星座運勢1.6-1.7,▎白羊,▎金牛,▎魔羯,▎巨蟹,▎天蠍,▎雙魚,▎天秤,▎射手,▎雙子,▎水瓶,▎獅子,▎處女
"​【唐綺陽】每日星座運勢1.5
​",▎白羊,▎天秤,▎射手,▎巨蟹,▎獅子,▎魔羯,▎金牛,▎雙子,▎處女,▎雙魚,▎天蠍,▎水瓶
【唐綺陽】每日星座運勢1.4,▎金牛,▎魔羯,▎雙魚,▎雙子,▎獅子,▎處女,▎巨蟹,▎天秤,▎天蠍,▎水瓶,▎白羊,▎射手
【唐綺陽】每日星座運勢1.3,▎處女,▎射手,▎水瓶,▎金牛,▎天秤,▎雙魚,▎獅子,▎天蠍,▎白羊,▎巨蟹,▎雙子,▎魔羯
"【唐綺陽】每日星座運勢1.2
​",▎白羊,▎處女,▎射手,▎雙子,▎巨蟹,▎獅子,▎魔羯,▎水瓶,▎金牛,▎天蠍,▎天秤,▎雙魚
​【唐綺陽】每日星座運勢1.1,▎雙子,▎天秤,▎水瓶,▎處女,▎天蠍,▎射手,▎白羊,▎金牛,▎魔羯,▎雙魚,▎巨蟹,▎獅子
"​【唐綺陽】周末星座運勢12.30-31
​",▎金牛,▎魔羯,▎雙魚,▎雙子,▎獅子,▎天蠍,▎處女,▎天秤,▎巨蟹,▎射手,▎白羊,▎水瓶
【唐綺陽】每日星座運勢12.29,▎獅子,▎處女,▎雙魚,▎雙子,▎巨蟹,▎射手,▎金牛,▎天蠍,▎白羊,▎水瓶,▎天秤,▎魔羯
【唐綺陽】每日星座運勢12.28,▎金牛,▎雙子,▎天蠍,▎白羊,▎處女,▎雙魚,▎巨蟹,▎水瓶,▎天秤,▎魔羯,▎獅子,▎射手
【唐綺陽】每日星座運勢12.27,▎雙子,▎巨蟹,▎獅子,▎天蠍,▎射手,▎魔羯,▎處女,▎水瓶,▎天秤,▎雙魚,▎白羊,▎金牛
【唐綺陽】每日星座運勢12.26,▎白羊,▎獅子,▎天秤,▎巨蟹,▎處女,▎射手,▎雙子,▎天蠍,▎魔羯,▎水瓶,▎金牛,▎雙魚
【唐綺陽】每日星座運勢12.25,▎獅子,▎天秤,▎魔羯,▎白羊,▎雙子,▎射手,▎巨蟹,▎水瓶,▎金牛,▎處女,▎天蠍,▎雙魚
"【唐綺陽】周末星座運勢12.23-24
​",▎白羊,▎獅子,▎魔羯,▎金牛,▎雙子,▎巨蟹,▎處女,▎天秤,▎射手,▎雙魚,▎天蠍,▎水瓶
"【唐綺陽】每日星座運勢12.22
​",▎金牛,▎天秤,▎雙魚,▎天蠍,▎射手,▎魔羯,▎雙子,▎水瓶,▎巨蟹,▎獅子,▎白羊,▎處女
【唐綺陽】每日星座運勢12.21,▎巨蟹,▎天秤,▎雙魚,▎金牛,▎處女,▎魔羯,▎雙子,▎射手,▎白羊,▎天蠍,▎獅子,▎水瓶
【唐綺陽】每日星座運勢12.20,▎金牛,▎獅子,▎射手,▎白羊,▎天蠍,▎雙魚,▎巨蟹,▎天秤,▎雙子,▎魔羯,▎處女,▎水瓶
​【唐綺陽】每日星座運勢12.19,▎金牛,▎射手,▎水瓶,▎雙子,▎天蠍,▎魔羯,▎獅子,▎天秤,▎處女,▎雙魚,▎白羊,▎巨蟹
​【唐綺陽】每日星座運勢12.18,▎獅子,▎處女,▎魔羯,▎金牛,▎天秤,▎天蠍,▎水瓶,▎雙魚,▎白羊,▎射手,▎雙子,▎巨蟹
【唐綺陽】周末星座運勢12.16-12.17,▎金牛,▎雙子,▎天蠍,▎獅子,▎處女,▎雙魚,▎射手,▎魔羯,▎白羊,▎天秤,▎巨蟹,▎水瓶
【唐綺陽】每日星座運勢12.15,▎天秤,▎天蠍,▎雙魚,▎巨蟹,▎魔羯,▎水瓶,▎白羊,▎處女,▎金牛,▎雙子,▎獅子,▎射手
【唐綺陽】每日星座運勢12.14,▎白羊,▎金牛,▎雙魚,▎雙子,▎處女,▎天秤,▎射手,▎水瓶,▎天蠍,▎魔羯,▎巨蟹,▎獅子
"【唐綺陽】每日星座運勢12.12
​",▎金牛,▎天蠍,▎水瓶,▎處女,▎天秤,▎射手,▎魔羯,▎雙魚,▎雙子,▎巨蟹,▎白羊,▎獅子
